SL.NO.,District,Training Center,Unique Job role Count
1,BAGALAKOTE,17,13
2,BALLARI,26,28
3,BELAGAVI,33,34
4,BENGALURU RURAL,4,6
5,BENGALURU URBAN,44,56
6,BIDAR,14,17
7,CHAMARAJANAGARA,2,4
8,CHIKBALLAPUR,5,7
9,CHIKMAGALURU,15,14
10,CHITRADURGA,15,15
11,DAKSHINA KANNADA,5,8
12,DAVANGERE,18,17
13,DHARWAD,31,33
14,GADAG,11,18
15,HASSAN,38,44
16,HAVERI,12,13
17,KALABURGI,25,21
18,KODAGU,3,3
19,KOLAR,3,8
20,KOPPAL,15,27
21,MANDYA,12,18
22,MYSURU,28,33
23,RAICHURU,22,20
24,RAMANAGARA,6,7
25,SHIVAMOGA,19,24
26,TUMKURU,13,11
27,UDUPI,8,12
28,UTTAR KANNAD,7,7
29,VIJAYAPURA,17,20
30,YADGIR,17,9
Grand Total,,485,547
