Sl. No.,Training Centre State/UT,2019-20,2020-21,2021-22,2022-23,2023-24,Total
1,Andaman and Nicobar Islands,1259,1464,613,310,668,4314
2,Andhra Pradesh,105667,66404,13199,5798,32476,223544
3,Arunachal Pradesh,15700,51991,8884,667,4143,81385
4,Assam,198896,362506,24517,8721,38458,633098
5,Bihar,191902,96288,47643,12213,23854,371900
6,Chandigarh,9507,3834,893,491,330,15055
7,Chhattisgarh,46548,16151,9495,4356,8321,84871
8,Delhi,146205,55121,19965,2262,10696,234249
9,Goa,4300,1709,604,176,183,6972
10,Gujarat,155195,48489,35001,6503,20069,265257
11,Haryana,175386,54719,18191,8963,27584,284843
12,Himachal Pradesh,48870,15612,8724,3539,5324,82069
13,Jammu and Kashmir,122659,58927,21339,7352,28871,239148
14,Jharkhand,120103,15452,34233,5302,8820,183910
15,Karnataka,165247,53066,23153,8410,13104,262980
16,Kerala,78523,31077,12968,5673,8826,137067
17,Ladakh,1937,181,731,246,445,3540
18,Lakshadweep,60,90,120,NA,NA,270
19,Madhya Pradesh,223483,95403,46659,21345,34906,421796
20,Maharashtra,637002,148352,39864,14913,35688,875819
21,Manipur,28962,34540,6424,1146,2879,73951
22,Meghalaya,11999,17769,3406,1245,2503,36922
23,Mizoram,10837,11433,4742,1162,3559,31733
24,Nagaland,17364,14399,4184,1803,3831,41581
25,Odisha,239050,68828,12645,12116,21633,354272
26,Puducherry,7172,3241,1622,689,1586,14310
27,Punjab,97681,57054,18539,7568,12175,193017
28,Rajasthan,446900,97822,38511,9232,23676,616141
29,Sikkim,5123,3634,1322,381,2802,13262
30,Tamil Nadu,185108,72404,29057,8029,34521,329119
31,Telangana,108145,33999,13107,8040,15440,178731
32,Dadra and Nagar Haveli and Daman and Diu,5338,222,252,31,301,6144
33,Tripura,50388,46676,4490,1608,5081,108243
34,Uttar Pradesh,656829,239286,69015,25568,72701,1063399
35,Uttarakhand,68250,29412,10522,2942,11658,122784
36,West Bengal,177880,53221,31406,12370,25712,300589
Grand Total,Grand Total,4565475,1960776,616040,211170,542824,7896285
