Sl. No.,State/UT,Functional PMKKs,JSS Centres,NAPS,Govt. ITIs,Pvt. ITIs
1,Andaman and Nicobar Islands,2,1,10,3,1
2,Andhra Pradesh,14,6,958,85,436
3,Arunachal Pradesh,6,0,18,7,0
4,Assam,28,5,794,31,15
5,Bihar,36,21,415,150,1226
6,Chandigarh,1,1,122,2,0
7,Chhattisgarh,21,13,259,120,112
8,Delhi,7,3,5730,17,36
9,Goa,0,1,423,11,2
10,Gujarat,26,8,11228,274,229
11,Haryana,17,4,5223,160,229
12,Himachal Pradesh,9,11,619,128,142
13,Jammu and Kashmir,16,1,445,49,1
14,Jharkhand,18,13,340,77,270
15,Karnataka,22,12,1754,275,1229
16,Kerala,9,9,1579,149,315
17,Ladakh,2,2,13,3,0
18,Lakshadweep,0,1,1,1,0
19,Madhya Pradesh,42,28,911,195,882
20,Maharashtra,31,21,7578,422,619
21,Manipur,11,4,17,10,0
22,Meghalaya,3,1,29,7,1
23,Mizoram,3,1,6,3,0
24,Nagaland,3,2,18,9,0
25,Odisha,20,28,632,75,450
26,Puducherry,3,NA,180,8,7
27,Punjab,22,2,765,116,235
28,Rajasthan,25,8,751,165,1454
29,Sikkim,3,NA,44,4,0
30,Tamil Nadu,23,8,2281,87,411
31,Telangana,25,6,1088,66,236
32,Dadra and Nagar Haveli and Daman and Diu,2,2,101,4,0
33,Tripura,4,2,80,20,2
34,Uttar Pradesh,47,47,5298,290,2968
35,Uttarakhand,14,8,551,105,82
36,West Bengal,36,7,934,163,139
Grand Total,Grand Total,551,287,51195,3291,11729
