centre_id,district,centre_name,caaf_no,address,job_role,state,latitude,longitude
VTP0000002,UDUPI,INFO TECH PVT LTD,CAAF0006497,PRIVATE ABOVE CANARA BANK Hand,Embroiderer,Karnataka,13.526978,74.873188
VTP0000002,UDUPI,INFO TECH PVT LTD,CAAF0007221,INFO TECH,PVT,Karnataka,13.526978,74.873188
VTP0000002,UDUPI,INFO TECH PVT LTD,CAAF0007221,INFO TECH,PVT,Karnataka,13.526978,74.873188
VTP0000003,URBAN,IT Solutions Pvt Ltd BENGALURU,CAAF0000025,PRIVATE LIMITED,-,Karnataka,12.946155,77.550384
VTP0000019,DHARWAD,,CAAF0001230,AND,WELFARE,Karnataka,15.370730,75.133287
VTP0000019,DHARWAD,,CAAF0002447,Beauty,Therapist,Karnataka,15.370730,75.133287
VTP0000019,DHARWAD,,CAAF0002447,,,Karnataka,15.370730,75.133287
VTP0000019,DHARWAD,,CAAF0002447,,,Karnataka,15.370730,75.133287
VTP0000020,GADAG,,CAAF0000672,Grameenabhivrudhi OLD APMC SAMUDAYA,BHAVAN.,Karnataka,15.416692,75.681580
VTP0000020,GADAG,,CAAF0000672,Grameenabhivrudhi OLD APMC SAMUDAYA,BHAVAN.,Karnataka,15.416692,75.681580
VTP0000023,URBAN,MATTU KALYAN SANSTHE BENGALURU,CAAF0013295,"FLOOR,",17TH,Karnataka,12.946155,77.550384
VTP0000023,URBAN,MATTU KALYAN SANSTHE BENGALURU,CAAF0013295,"FLOOR,",17TH,Karnataka,12.946155,77.550384
VTP0000023,KOPPAL,MATTU KALYAN SANSTHE,CAAF0000366,,MANAGEMENT,Karnataka,15.574824,76.311849
VTP0000023,KOPPAL,MATTU KALYAN SANSTHE,CAAF0000366,,MANAGEMENT,Karnataka,15.574824,76.311849
VTP0000023,KOPPAL,MATTU KALYAN SANSTHE,CAAF0000366,,MANAGEMENT,Karnataka,15.574824,76.311849
VTP0000023,KOPPAL,MATTU KALYAN SANSTHE,CAAF0000366,,MANAGEMENT,Karnataka,15.574824,76.311849
VTP0000023,KOPPAL,MATTU KALYAN SANSTHE,CAAF0000366,,MANAGEMENT,Karnataka,15.574824,76.311849
VTP0000023,KOPPAL,MATTU KALYAN SANSTHE,CAAF0000366,MANAGEMENT Hand,Embroiderer,Karnataka,15.574824,76.311849
VTP0000023,KOPPAL,MATTU KALYAN SANSTHE,CAAF0000366,,MANAGEMENT,Karnataka,15.574824,76.311849
VTP0000023,KOPPAL,MATTU KALYAN SANSTHE,CAAF0000366,,MANAGEMENT,Karnataka,15.574824,76.311849
VTP0000023,KOPPAL,MATTU KALYAN SANSTHE,CAAF0000366,,MANAGEMENT,Karnataka,15.574824,76.311849
VTP0000028,SHIVAMOGA,ITC,CAAF0001112,TSSK ITC,POLICE,Karnataka,13.932609,75.574978
VTP0000028,SHIVAMOGA,ITC,CAAF0001112,TSSK ITC,POLICE,Karnataka,13.932609,75.574978
VTP0000028,SHIVAMOGA,ITC,CAAF0001112,TSSK ITC,POLICE,Karnataka,13.932609,75.574978
VTP0000031,SHIVAMOGA,TECHNICAL TRAINING CENTER,CAAF0000515,,2ND,Karnataka,13.932609,75.574978
VTP0000031,SHIVAMOGA,TECHNICAL TRAINING CENTER,CAAF0000515,,2ND,Karnataka,13.932609,75.574978
VTP0000032,SHIVAMOGA,COMPUTER,CAAF0001171,ORANGES COMPUTER ABOVE STATE,Helpdesk,Karnataka,13.932609,75.574978
VTP0000032,SHIVAMOGA,COMPUTER,CAAF0001172,ORANGES,COMPUTER,Karnataka,13.932609,75.574978
VTP0000032,SHIVAMOGA,COMPUTER,CAAF0001172,ORANGES,COMPUTER,Karnataka,13.932609,75.574978
VTP0000032,SHIVAMOGA,COMPUTER,CAAF0001172,ORANGES,COMPUTER,Karnataka,13.932609,75.574978
VTP0000032,SHIVAMOGA,COMPUTER,CAAF0001172,ORANGES COMPUTER,Helpdesk,Karnataka,13.932609,75.574978
VTP0000032,SHIVAMOGA,COMPUTER,CAAF0001172,ORANGES COMPUTER,Installation,Karnataka,13.932609,75.574978
VTP0000032,SHIVAMOGA,COMPUTER,CAAF0013873,ORANGES COMPUTER VINOBHA,NAGARA,Karnataka,13.932609,75.574978
VTP0000032,SHIVAMOGA,COMPUTER,CAAF0013873,ORANGES COMPUTER VINOBHA,NAGARA,Karnataka,13.932609,75.574978
VTP0000037,URBAN,Training Services BENGALURU,CAAF0012508,"Stadium, 6th",Kadumalleshwara,Karnataka,12.946155,77.550384
VTP0000037,URBAN,Training Services BENGALURU,CAAF0012508,"Stadium, 6th",Kadumalleshwara,Karnataka,12.946155,77.550384
VTP0000037,URBAN,Training Services BENGALURU,CAAF0012508,"Stadium, 6th",Kadumalleshwara,Karnataka,12.946155,77.550384
VTP0000037,URBAN,Training Services BENGALURU,CAAF0012793,"College, No 26 ,",Yelahanka,Karnataka,12.946155,77.550384
VTP0000037,URBAN,Training Services BENGALURU,CAAF0012793,"College, No 26 , Yelahanka Airline Cabin",Crew,Karnataka,12.946155,77.550384
VTP0000037,URBAN,Training Services BENGALURU,CAAF0012793,"College, No 26 , Yelahanka Web",Developer,Karnataka,12.946155,77.550384
VTP0000037,URBAN,Training Services BENGALURU,CAAF0013952,"Cross,",Magadi,Karnataka,12.946155,77.550384
VTP0000037,URBAN,Training Services BENGALURU,CAAF0013952,"Cross,",Magadi,Karnataka,12.946155,77.550384
VTP0000037,URBAN,Training Services BENGALURU,CAAF0013953,Academy of,Business,Karnataka,12.946155,77.550384
VTP0000037,URBAN,Training Services BENGALURU,CAAF0013953,Academy of,Business,Karnataka,12.946155,77.550384
VTP0000037,HASSAN,Training Services,CAAF0000857,CHANNARAYAPATNA Fitness,Trainer,Karnataka,13.030185,76.174497
VTP0000037,HASSAN,Training Services,CAAF0000888,HASSAN Fitness,Trainer,Karnataka,13.030185,76.174497
VTP0000037,TUMKURU,Training Services,CAAF0013865,"Melekote, Sheshadripuram",Degree,Karnataka,13.340077,77.100621
VTP0000037,TUMKURU,Training Services,CAAF0013865,"Melekote, Sheshadripuram Degree Web",Developer,Karnataka,13.340077,77.100621
VTP0000038,MANDYA,,CAAF0013541,Duddha (V) & Mandya -,Melukote,Karnataka,12.636894,76.727548
VTP0000038,MANDYA,,CAAF0013541,Duddha (V) & Mandya - Melukote,Helpdesk,Karnataka,12.636894,76.727548
VTP0000038,MANDYA,,CAAF0013541,Duddha (V) & Mandya - Melukote Hand,Embroiderer,Karnataka,12.636894,76.727548
VTP0000038,MANDYA,,CAAF0013541,Duddha (V) & Mandya -,Melukote,Karnataka,12.636894,76.727548
VTP0000039,CHIKMAGALURU,Parivara Trust,CAAF0011470,E PARIVARA JAYAPURA NEAR SBI 2,ND,Karnataka,13.318014,75.773874
VTP0000039,CHIKMAGALURU,Parivara Trust,CAAF0011470,E PARIVARA JAYAPURA NEAR SBI 2,ND,Karnataka,13.318014,75.773874
VTP0000039,SHIVAMOGA,Parivara Trust,CAAF0011458,E PARIVARA,SAGARA,Karnataka,13.932609,75.574978
VTP0000039,SHIVAMOGA,Parivara Trust,CAAF0011458,E PARIVARA,SAGARA,Karnataka,13.932609,75.574978
VTP0000041,BENGALURU RURAL,,CAAF0012661,TECHNICAL AND RURAL Devanahalli,"Town,",Karnataka,13.182624,77.339568
VTP0000041,BENGALURU RURAL,,CAAF0012662,TECHNICAL AND RURAL,Gurappanamath,Karnataka,13.182624,77.339568
VTP0000048,SHIVAMOGA,TUNGA EDUCATIONAL SOCIETY,CAAF0006458,Hardware,Repair,Karnataka,13.932609,75.574978
VTP0000048,SHIVAMOGA,TUNGA EDUCATIONAL SOCIETY,CAAF0006458,,,Karnataka,13.932609,75.574978
VTP0000049,BALLARI,CHANDANA VTP CENTER,CAAF0001162,"Road, Opp Beauty",Therapist,Karnataka,15.348317,76.805488
VTP0000049,BALLARI,CHANDANA VTP CENTER,CAAF0001162,"Road, Opp Hair",Stylist,Karnataka,15.348317,76.805488
VTP0000049,BALLARI,CHANDANA VTP CENTER,CAAF0001162,"Road, Opp Hand",Embroiderer,Karnataka,15.348317,76.805488
VTP0000049,BALLARI,CHANDANA VTP CENTER,CAAF0001162,"Road,",Opp,Karnataka,15.348317,76.805488
VTP0000050,DHARWAD,SEVA SAMSTHE,CAAF0011608,anand nagar road old Hand,Embroiderer,Karnataka,15.370730,75.133287
VTP0000050,DHARWAD,SEVA SAMSTHE,CAAF0011608,anand nagar road,old,Karnataka,15.370730,75.133287
VTP0000050,DHARWAD,SEVA SAMSTHE,CAAF0012125,Bagwan complex (Chatni Hardware,Repair,Karnataka,15.370730,75.133287
VTP0000066,SHIVAMOGA,ITI SHIMOGA,CAAF0000617,TRINITY ITI SHIMOGA TRINITY ITI (RAGIGUDDA ) Hand,Embroiderer,Karnataka,13.932609,75.574978
VTP0000066,SHIVAMOGA,ITI SHIMOGA,CAAF0000617,TRINITY ITI SHIMOGA TRINITY ITI (RAGIGUDDA,),Karnataka,13.932609,75.574978
VTP0000068,BIDAR,,CAAF0000717,Meritude SDPL-Bidar Bvb Hand,Embroiderer,Karnataka,18.020730,77.248720
VTP0000068,DHARWAD,,CAAF0010042,"Meritude Skills Hubli 3781/C+, 1st Beside Karnataka",Bhavan,Karnataka,15.370730,75.133287
VTP0000068,DHARWAD,,CAAF0010042,"Meritude Skills Hubli 3781/C+, 1st Beside Karnataka",Bhavan,Karnataka,15.370730,75.133287
VTP0000068,DHARWAD,,CAAF0010042,"Meritude Skills Hubli 3781/C+, 1st Beside Karnataka Bhavan Hardware",Repair,Karnataka,15.370730,75.133287
VTP0000068,DHARWAD,,CAAF0010042,"Meritude Skills Hubli 3781/C+, 1st Beside Karnataka",Bhavan,Karnataka,15.370730,75.133287
VTP0000068,SHIVAMOGA,,CAAF0002417,Muslim,Hostel,Karnataka,13.932609,75.574978
VTP0000068,SHIVAMOGA,,CAAF0002417,Muslim,Hostel,Karnataka,13.932609,75.574978
VTP0000075,KALABURGI,,CAAF0008961,"Congress Office, Congress Office, Sedam Hair",Stylist,Karnataka,16.760946,77.236953
VTP0000075,KALABURGI,,CAAF0011711,,Samasthe,Karnataka,16.760946,77.236953
VTP0000075,KALABURGI,,CAAF0011711,,Samasthe,Karnataka,16.760946,77.236953
VTP0000075,KALABURGI,,CAAF0012321,"MGASSS - MSK Mill Center Jeelanabad, Jeelanabad, Near",MSK,Karnataka,16.760946,77.236953
VTP0000075,KALABURGI,,CAAF0012923,"Samasthe, First","Floor,",Karnataka,16.760946,77.236953
VTP0000075,KALABURGI,,CAAF0012923,"Samasthe, First","Floor,",Karnataka,16.760946,77.236953
VTP0000075,KALABURGI,,CAAF0013584,,Samasthe,Karnataka,16.760946,77.236953
VTP0000075,KALABURGI,,CAAF0014135,,Samasthe,Karnataka,16.760946,77.236953
VTP0000075,KALABURGI,,CAAF0014135,,Samasthe,Karnataka,16.760946,77.236953
VTP0000076,BAGALAKOTE,,CAAF0009486,GRAMEENA ABHIVRUDHI Main Road,Guledgudd,Karnataka,16.205155,75.699470
VTP0000076,CHIKMAGALURU,,CAAF0002009,GRAMEENA ABHIVRUDHI 1ST FLOOR,TARIKERE,Karnataka,13.318014,75.773874
VTP0000076,CHIKMAGALURU,,CAAF0002009,GRAMEENA ABHIVRUDHI 1ST FLOOR TARIKERE Hair,Stylist,Karnataka,13.318014,75.773874
VTP0000076,HASSAN,,CAAF0002006,,holenrasipur-573211,Karnataka,13.030185,76.174497
VTP0000076,HASSAN,,CAAF0002640,GRAMEENA ABHIVRUDHI RR,"Road,",Karnataka,13.030185,76.174497
VTP0000076,MYSURU,,CAAF0001565,GRAMEENA ABHIVRUDHI,Vidyaranyapuram,Karnataka,12.305183,76.655361
VTP0000098,MANDYA,Education Trust,CAAF0005912,Mandya Computer,Centre,Karnataka,12.636894,76.727548
VTP0000098,MANDYA,Education Trust,CAAF0014534,SB Education Trust Welding,Assistant,Karnataka,12.636894,76.727548
VTP0000100,BELAGAVI,,CAAF0004957,"FLOOR, NEAR NULENBHAVI",PLOT,Karnataka,16.158785,74.888862
VTP0000102,KALABURGI,SOLUTIONS PVT LTD,CAAF0001142,"GODAM,",NEAR,Karnataka,16.760946,77.236953
VTP0000102,KALABURGI,SOLUTIONS PVT LTD,CAAF0001142,"GODAM, NEAR Computing",and,Karnataka,16.760946,77.236953
VTP0000102,YADGIR,SOLUTIONS PVT LTD,CAAF0001143,"ROAD,",YADGIR.,Karnataka,16.574412,76.925443
VTP0000102,YADGIR,SOLUTIONS PVT LTD,CAAF0001143,"ROAD,",YADGIR.,Karnataka,16.574412,76.925443
VTP0000102,YADGIR,SOLUTIONS PVT LTD,CAAF0001143,"ROAD, YADGIR. Installation",&,Karnataka,16.574412,76.925443
VTP0000102,YADGIR,SOLUTIONS PVT LTD,CAAF0001143,"ROAD, YADGIR. Computing",and,Karnataka,16.574412,76.925443
VTP0000111,URBAN,VIKAS KENDRA BENGALURU,CAAF0002716,"KAUSHALYA VIKAS KENDRA Weavers Colony, Bannerghatta",Road,Karnataka,12.946155,77.550384
VTP0000111,URBAN,VIKAS KENDRA BENGALURU,CAAF0002716,"KAUSHALYA VIKAS KENDRA Weavers Colony, Bannerghatta Road Beauty",Therapist,Karnataka,12.946155,77.550384
VTP0000111,URBAN,VIKAS KENDRA BENGALURU,CAAF0002716,"KAUSHALYA VIKAS KENDRA Weavers Colony, Bannerghatta",Road,Karnataka,12.946155,77.550384
VTP0000112,SHIVAMOGA,,CAAF0001190,,"BUILDING,",Karnataka,13.932609,75.574978
VTP0000112,SHIVAMOGA,,CAAF0001190,,"BUILDING,",Karnataka,13.932609,75.574978
VTP0000127,BIDAR,EDUCATION SOCIETY BIDAR,CAAF0007708,Building GND Enginering Beauty,Therapist,Karnataka,18.020730,77.248720
VTP0000127,BIDAR,EDUCATION SOCIETY BIDAR,CAAF0007708,Building GND,Enginering,Karnataka,18.020730,77.248720
VTP0000127,BIDAR,EDUCATION SOCIETY BIDAR,CAAF0007708,Building GND Enginering Hand,Embroiderer,Karnataka,18.020730,77.248720
VTP0000127,BIDAR,EDUCATION SOCIETY BIDAR,CAAF0007708,Building GND,Enginering,Karnataka,18.020730,77.248720
VTP0000139,BELAGAVI,Tech Solutions,CAAF0002753,"Complex,",Opp.,Karnataka,16.158785,74.888862
VTP0000139,KOPPAL,Tech Solutions,CAAF0003775,"HULAGERI KUSHTAGI # 01, Hulageri Panchath",583281,Karnataka,15.574824,76.311849
VTP0000144,TUMKURU,,CAAF0004710,"RURAL DEVELOPMENT Theatre, Sira Sira",Main,Karnataka,13.340077,77.100621
VTP0000146,DAVANGERE,,CAAF0000283,COMMUNICATION Computing,and,Karnataka,14.433101,75.930283
VTP0000146,DAVANGERE,,CAAF0000283,COMMUNICATION Web,Developer,Karnataka,14.433101,75.930283
VTP0000146,DAVANGERE,,CAAF0011728,COMMUNICATION Beauty,Therapist,Karnataka,14.433101,75.930283
VTP0000146,DAVANGERE,,CAAF0011728,,COMMUNICATION,Karnataka,14.433101,75.930283
VTP0000146,DAVANGERE,,CAAF0012413,"Communication TRADERS, RMC",LINK,Karnataka,14.433101,75.930283
VTP0000146,DAVANGERE,,CAAF0012413,"Communication TRADERS, RMC LINK Computing",and,Karnataka,14.433101,75.930283
VTP0000146,DAVANGERE,,CAAF0012413,"Communication TRADERS, RMC",LINK,Karnataka,14.433101,75.930283
VTP0000146,DAVANGERE,,CAAF0014464,COMMUNICATION Computing,and,Karnataka,14.433101,75.930283
VTP0000149,KALABURGI,,CAAF0009686,EDUCATIONAL TRUST-NAI Hand,Embroiderer,Karnataka,16.760946,77.236953
VTP0000149,KOPPAL,,CAAF0009685,EDUCATIONAL,TRUST-,Karnataka,15.574824,76.311849
VTP0000149,KOPPAL,,CAAF0013132,,,Karnataka,15.574824,76.311849
VTP0000163,CHIKBALLAPUR,,CAAF0000329,tank bund,road,Karnataka,13.427422,77.732307
VTP0000170,DHARWAD,INFOCOM COMPUTERS,CAAF0014220,,,Karnataka,15.370730,75.133287
VTP0000170,DHARWAD,INFOCOM COMPUTERS,CAAF0014220,,,Karnataka,15.370730,75.133287
VTP0000170,DHARWAD,INFOCOM COMPUTERS,CAAF0014220,,Customer,Karnataka,15.370730,75.133287
VTP0000181,CHITRADURGA,,CAAF0000433,,KABIRANANDA,Karnataka,14.304917,76.529667
VTP0000181,CHITRADURGA,,CAAF0000433,,KABIRANANDA,Karnataka,14.304917,76.529667
VTP0000181,CHITRADURGA,,CAAF0000435,,,Karnataka,14.304917,76.529667
VTP0000181,CHITRADURGA,,CAAF0006440,CENTER CHALLKERE,ROAD,Karnataka,14.304917,76.529667
VTP0000181,CHITRADURGA,,CAAF0006440,CENTER CHALLKERE ROAD,Installation,Karnataka,14.304917,76.529667
VTP0000181,CHITRADURGA,,CAAF0009321,,Kalyana,Karnataka,14.304917,76.529667
VTP0000181,CHITRADURGA,,CAAF0009321,,Kalyana,Karnataka,14.304917,76.529667
VTP0000181,CHITRADURGA,,CAAF0009322,,,Karnataka,14.304917,76.529667
VTP0000181,CHITRADURGA,,CAAF0009322,,,Karnataka,14.304917,76.529667
VTP0000181,CHITRADURGA,,CAAF0009323,,,Karnataka,14.304917,76.529667
VTP0000181,CHITRADURGA,,CAAF0009323,,,Karnataka,14.304917,76.529667
VTP0000181,CHITRADURGA,,CAAF0009323,In-line,Checker,Karnataka,14.304917,76.529667
VTP0000181,CHITRADURGA,,CAAF0009323,,,Karnataka,14.304917,76.529667
VTP0000181,CHITRADURGA,,CAAF0009324,Avalahatti Road Avalahatti,Road,Karnataka,14.304917,76.529667
VTP0000181,CHITRADURGA,,CAAF0009324,Avalahatti Road Avalahatti,Road,Karnataka,14.304917,76.529667
VTP0000181,CHITRADURGA,,CAAF0009681,RAYANNA HOLALKERE,ROAD,Karnataka,14.304917,76.529667
VTP0000181,CHITRADURGA,,CAAF0009681,RAYANNA HOLALKERE,ROAD,Karnataka,14.304917,76.529667
VTP0000181,CHITRADURGA,,CAAF0009681,RAYANNA HOLALKERE,ROAD,Karnataka,14.304917,76.529667
VTP0000181,CHITRADURGA,,CAAF0012053,,,Karnataka,14.304917,76.529667
VTP0000183,KOPPAL,RURAL POLYTECHNIC,CAAF0000769,POLYTECHNIC CENTRE RAICHUR ROAD Other,Home,Karnataka,15.574824,76.311849
VTP0000183,KOPPAL,RURAL POLYTECHNIC,CAAF0000769,POLYTECHNIC CENTRE RAICHUR ROAD Mason,Concrete,Karnataka,15.574824,76.311849
VTP0000183,KOPPAL,RURAL POLYTECHNIC,CAAF0000769,POLYTECHNIC CENTRE RAICHUR,ROAD,Karnataka,15.574824,76.311849
VTP0000199,RAICHURU,INFOTECH,CAAF0000361,"RISHI INFOTECH RAICHUR Beroon Quilla,",Raichur,Karnataka,16.083333,77.166667
VTP0000199,RAICHURU,INFOTECH,CAAF0000361,"RISHI INFOTECH RAICHUR Beroon Quilla, Raichur Computing",and,Karnataka,16.083333,77.166667
VTP0000199,RAICHURU,INFOTECH,CAAF0000362,Main Road,Devadurga,Karnataka,16.083333,77.166667
VTP0000199,RAICHURU,INFOTECH,CAAF0000362,Main Road,Devadurga,Karnataka,16.083333,77.166667
VTP0000199,RAICHURU,INFOTECH,CAAF0000362,Main Road Devadurga Computing,and,Karnataka,16.083333,77.166667
VTP0000225,KALABURGI,SOCIAL WELFARE TRUST,CAAF0000446,,,Karnataka,16.760946,77.236953
VTP0000225,KALABURGI,SOCIAL WELFARE TRUST,CAAF0000446,,,Karnataka,16.760946,77.236953
VTP0000231,RAICHURU,Computers,CAAF0000452,NIT Computers,Sindhanur,Karnataka,16.083333,77.166667
VTP0000231,RAICHURU,Computers,CAAF0000452,NIT Computers,Sindhanur,Karnataka,16.083333,77.166667
VTP0000231,RAICHURU,Computers,CAAF0000453,NIT Computers Maski Above Above Saraswathi,Fancy,Karnataka,16.083333,77.166667
VTP0000237,BELAGAVI,,CAAF0005981,ABHIVRUDHHI SAMSTHE,-,Karnataka,16.158785,74.888862
VTP0000237,BELAGAVI,,CAAF0008952,ABHIVRUDHHI SAMSTHE - Baking,Technician,Karnataka,16.158785,74.888862
VTP0000237,BELAGAVI,,CAAF0010233,rumenwadi rumenwadi cross,goa,Karnataka,16.158785,74.888862
VTP0000237,BELAGAVI,,CAAF0010782,Baking,Technician,Karnataka,16.158785,74.888862
VTP0000245,CHIKMAGALURU,CHARITABLE SEVA SAMTE,CAAF0006136,"Building, Kadur- Beauty",Therapist,Karnataka,13.318014,75.773874
VTP0000245,CHIKMAGALURU,CHARITABLE SEVA SAMTE,CAAF0006136,"Building,",Kadur-,Karnataka,13.318014,75.773874
VTP0000255,VIJAYAPURA,,CAAF0012095,OF COMPUTER,Helpdesk,Karnataka,16.826991,75.717539
VTP0000255,VIJAYAPURA,,CAAF0012095,OF,COMPUTER,Karnataka,16.826991,75.717539
VTP0000255,VIJAYAPURA,,CAAF0014725,OF COMPUTER Building Near,SB,Karnataka,16.826991,75.717539
VTP0000255,VIJAYAPURA,,CAAF0014725,OF COMPUTER Building Near SB,Gardener,Karnataka,16.826991,75.717539
VTP0000255,YADGIR,,CAAF0012038,OF COMPUTER S B,Deshmukh,Karnataka,16.574412,76.925443
VTP0000255,YADGIR,,CAAF0012038,OF COMPUTER S B Deshmukh Computing,and,Karnataka,16.574412,76.925443
VTP0000255,YADGIR,,CAAF0012038,OF COMPUTER S B Deshmukh Other,Home,Karnataka,16.574412,76.925443
VTP0000280,BAGALAKOTE,,CAAF0011656,Thredz-Bagalkot Primary,School,Karnataka,16.205155,75.699470
VTP0000280,BAGALAKOTE,,CAAF0011656,Thredz-Bagalkot Primary,School,Karnataka,16.205155,75.699470
VTP0000280,URBAN,,CAAF0012907,,,Karnataka,12.946155,77.550384
VTP0000280,URBAN,,CAAF0012907,,,Karnataka,12.946155,77.550384
VTP0000280,VIJAYAPURA,,CAAF0011581,Thredz-Vijayapur Computing,and,Karnataka,16.826991,75.717539
VTP0000280,VIJAYAPURA,,CAAF0011581,,Thredz-Vijayapur,Karnataka,16.826991,75.717539
VTP0000299,HASSAN,,CAAF0000625,"Abhiruddi and Education Sampige Road,K R Computing",and,Karnataka,13.030185,76.174497
VTP0000299,HASSAN,,CAAF0000625,"Abhiruddi and Education Sampige Road,K R Hand",Embroiderer,Karnataka,13.030185,76.174497
VTP0000299,HASSAN,,CAAF0000627,"Abhiruddi and Education School,",Kuvempu,Karnataka,13.030185,76.174497
VTP0000299,HASSAN,,CAAF0000627,"Abhiruddi and Education School,",Kuvempu,Karnataka,13.030185,76.174497
VTP0000300,SHIVAMOGA,,CAAF0006456,"INDUSTRIAL TRAINING B H ROAD, AYANUR Plumber",General,Karnataka,13.932609,75.574978
VTP0000300,SHIVAMOGA,,CAAF0006456,"INDUSTRIAL TRAINING B H ROAD,",AYANUR,Karnataka,13.932609,75.574978
VTP0000308,URBAN,,CAAF0002666,,"DOMBRAHALLI,LAKSHMI",Karnataka,12.946155,77.550384
VTP0000314,URBAN,,CAAF0014373,floor Bangaloure,560068,Karnataka,12.946155,77.550384
VTP0000314,URBAN,,CAAF0014373,floor Bangaloure,560068,Karnataka,12.946155,77.550384
VTP0000325,GADAG,,CAAF0000676,KSSIDC park Industrial,"Estate,Betageri",Karnataka,15.416692,75.681580
VTP0000325,GADAG,,CAAF0000676,"KSSIDC park Industrial Estate,Betageri Baking",Technician,Karnataka,15.416692,75.681580
VTP0000325,GADAG,,CAAF0000676,"KSSIDC park Industrial Estate,Betageri Craft",Baker,Karnataka,15.416692,75.681580
VTP0000325,GADAG,,CAAF0000676,"KSSIDC park Industrial Estate,Betageri",Production,Karnataka,15.416692,75.681580
VTP0000325,GADAG,,CAAF0000676,KSSIDC park Industrial,"Estate,Betageri",Karnataka,15.416692,75.681580
VTP0000325,GADAG,,CAAF0013356,,,Karnataka,15.416692,75.681580
VTP0000325,GADAG,,CAAF0013356,,,Karnataka,15.416692,75.681580
VTP0000325,GADAG,,CAAF0013356,Helper,Electrician,Karnataka,15.416692,75.681580
VTP0000325,GADAG,,CAAF0013356,,,Karnataka,15.416692,75.681580
VTP0000330,MYSURU,LAKSHMI READYMADE GARMENTS,CAAF0000688,READYMADE MAHAVEERA CIRCLE Hand,Embroiderer,Karnataka,12.305183,76.655361
VTP0000330,MYSURU,LAKSHMI READYMADE GARMENTS,CAAF0000688,READYMADE MAHAVEERA,CIRCLE,Karnataka,12.305183,76.655361
VTP0000330,MYSURU,LAKSHMI READYMADE GARMENTS,CAAF0000688,READYMADE MAHAVEERA,CIRCLE,Karnataka,12.305183,76.655361
VTP0000345,HAVERI,Private ITI Haveri,CAAF0001247,"Adarsha Private ITI Haveri Hanagal Road, Near Fire Station Engine",Repair,Karnataka,14.718027,75.365642
VTP0000345,HAVERI,Private ITI Haveri,CAAF0001247,"Adarsha Private ITI Haveri Hanagal Road, Near Fire",Station,Karnataka,14.718027,75.365642
VTP0000347,TUMKURU,COMPUTER EDUCATION TRUST,CAAF0004964,NEAR,KSRTC,Karnataka,13.340077,77.100621
VTP0000347,TUMKURU,COMPUTER EDUCATION TRUST,CAAF0004964,NEAR,KSRTC,Karnataka,13.340077,77.100621
VTP0000347,TUMKURU,COMPUTER EDUCATION TRUST,CAAF0011459,Above,Vidhatri,Karnataka,13.340077,77.100621
VTP0000347,TUMKURU,COMPUTER EDUCATION TRUST,CAAF0014383,,,Karnataka,13.340077,77.100621
VTP0000347,TUMKURU,COMPUTER EDUCATION TRUST,CAAF0014383,Computing,and,Karnataka,13.340077,77.100621
VTP0000396,BELAGAVI,Bharat Foundation,CAAF0000772,,DIKSHA-Belgaum,Karnataka,16.158785,74.888862
VTP0000396,BELAGAVI,Bharat Foundation,CAAF0000772,,DIKSHA-Belgaum,Karnataka,16.158785,74.888862
VTP0000407,RAICHURU,H System,CAAF0000831,S H System Raichur,Helpdesk,Karnataka,16.083333,77.166667
VTP0000407,RAICHURU,H System,CAAF0000831,S H System,Raichur,Karnataka,16.083333,77.166667
VTP0000425,HAVERI,,CAAF0009459,"SAKSHARATHA SAMITHI, Chikkerur.",Taluk,Karnataka,14.718027,75.365642
VTP0000425,MYSURU,,CAAF0001744,"SAKSHARATHA SAMITHI #665,1 st","floor,",Karnataka,12.305183,76.655361
VTP0000425,TUMKURU,,CAAF0001736,SAKSHARATHA SAMITHI Nisarga,Daba,Karnataka,13.340077,77.100621
VTP0000467,KALABURGI,COMPUTERS AND IT SERVICE,CAAF0000830,KEONICS as,same,Karnataka,16.760946,77.236953
VTP0000467,KALABURGI,COMPUTERS AND IT SERVICE,CAAF0000830,KEONICS as,same,Karnataka,16.760946,77.236953
VTP0000489,SHIVAMOGA,,CAAF0000849,Training Institute K.R,vocational,Karnataka,13.932609,75.574978
VTP0000502,CHAMARAJANAGARA,IT Huts,CAAF0000959,"Mantralaya IT Huts Extension, Extension,",Kollegal-,Karnataka,11.923806,76.939356
VTP0000502,CHAMARAJANAGARA,IT Huts,CAAF0000959,"Mantralaya IT Huts Extension, Extension,",Kollegal-,Karnataka,11.923806,76.939356
VTP0000509,KOLAR,,CAAF0000890,DEVELOPMENT CENTER -,Antharagange,Karnataka,13.180507,78.266933
VTP0000509,KOLAR,,CAAF0000890,DEVELOPMENT CENTER - Antharagange Beauty,Therapist,Karnataka,13.180507,78.266933
VTP0000509,KOLAR,,CAAF0000890,DEVELOPMENT CENTER - Antharagange Other,Home,Karnataka,13.180507,78.266933
VTP0000509,KOLAR,,CAAF0013480,DEVELOPMENT CENTRE Gandhi,Nagara,Karnataka,13.180507,78.266933
VTP0000509,KOLAR,,CAAF0013480,DEVELOPMENT CENTRE Gandhi,Nagara,Karnataka,13.180507,78.266933
VTP0000509,KOLAR,,CAAF0013480,DEVELOPMENT CENTRE Gandhi,Nagara,Karnataka,13.180507,78.266933
VTP0000521,KODAGU,Corp Limited,CAAF0011501,"Private Road,","Virajpet,Kodagu",Karnataka,12.382733,75.664072
VTP0000521,KODAGU,Corp Limited,CAAF0011501,"Private Road,","Virajpet,Kodagu",Karnataka,12.382733,75.664072
VTP0000566,GADAG,MAHILA SAMSTHE,CAAF0001022,Near,"Stadium,Masari",Karnataka,15.416692,75.681580
VTP0000566,GADAG,MAHILA SAMSTHE,CAAF0001022,Near,"Stadium,Masari",Karnataka,15.416692,75.681580
VTP0000566,GADAG,MAHILA SAMSTHE,CAAF0001022,Near,"Stadium,Masari",Karnataka,15.416692,75.681580
VTP0000566,GADAG,MAHILA SAMSTHE,CAAF0001022,"Near Stadium,Masari",Helpdesk,Karnataka,15.416692,75.681580
VTP0000566,GADAG,MAHILA SAMSTHE,CAAF0001022,"Near Stadium,Masari",Installation,Karnataka,15.416692,75.681580
VTP0000566,GADAG,MAHILA SAMSTHE,CAAF0002153,"bank, Rotary Circle,",Animator,Karnataka,15.416692,75.681580
VTP0000566,GADAG,MAHILA SAMSTHE,CAAF0002153,"bank, Rotary","Circle,",Karnataka,15.416692,75.681580
VTP0000566,GADAG,MAHILA SAMSTHE,CAAF0002153,"bank, Rotary Circle, Security",Analyst,Karnataka,15.416692,75.681580
VTP0000566,GADAG,MAHILA SAMSTHE,CAAF0004466,"PARLOUR TRAINING Beauty Parlour Nimbannavar Hospital,",K,Karnataka,15.416692,75.681580
VTP0000566,GADAG,MAHILA SAMSTHE,CAAF0004466,"PARLOUR TRAINING Beauty Parlour Nimbannavar Hospital, K Beauty",Therapist,Karnataka,15.416692,75.681580
VTP0000566,GADAG,MAHILA SAMSTHE,CAAF0004466,"PARLOUR TRAINING Beauty Parlour Nimbannavar Hospital,",K,Karnataka,15.416692,75.681580
VTP0000566,GADAG,MAHILA SAMSTHE,CAAF0004466,"PARLOUR TRAINING Beauty Parlour Nimbannavar Hospital,",K,Karnataka,15.416692,75.681580
VTP0000566,GADAG,MAHILA SAMSTHE,CAAF0004466,"PARLOUR TRAINING Beauty Parlour Nimbannavar Hospital,",K,Karnataka,15.416692,75.681580
VTP0000570,KALABURGI,ATPC ED INSTITUTE,CAAF0001151,GIEMA ATPC ED,INSTITUTE,Karnataka,16.760946,77.236953
VTP0000570,KALABURGI,ATPC ED INSTITUTE,CAAF0001151,GIEMA ATPC ED INSTITUTE Hand,Embroiderer,Karnataka,16.760946,77.236953
VTP0000570,KALABURGI,ATPC ED INSTITUTE,CAAF0001151,GIEMA ATPC ED,INSTITUTE,Karnataka,16.760946,77.236953
VTP0000585,RAICHURU,COMPUTER,CAAF0012512,EUREKA,COMPUTER,Karnataka,16.083333,77.166667
VTP0000585,RAICHURU,COMPUTER,CAAF0013123,EUREKA,COMPUTER,Karnataka,16.083333,77.166667
VTP0000585,RAICHURU,COMPUTER,CAAF0013123,EUREKA,COMPUTER,Karnataka,16.083333,77.166667
VTP0000585,RAICHURU,COMPUTER,CAAF0013123,EUREKA,COMPUTER,Karnataka,16.083333,77.166667
VTP0000589,BAGALAKOTE,classes,CAAF0008767,chinmayclasses theradal MANDAL. COLLECTION BUILDING Hand,Embroiderer,Karnataka,16.205155,75.699470
VTP0000589,BAGALAKOTE,classes,CAAF0008767,chinmayclasses theradal MANDAL. COLLECTION,BUILDING,Karnataka,16.205155,75.699470
VTP0000589,BAGALAKOTE,classes,CAAF0013221,Bilavodi building karani,galli,Karnataka,16.205155,75.699470
VTP0000589,BELAGAVI,classes,CAAF0001119,Chinmay classes Athani pl no.91 Laxmi,narayan,Karnataka,16.158785,74.888862
VTP0000589,BELAGAVI,classes,CAAF0001119,Chinmay classes Athani pl no.91 Laxmi narayan Hand,Embroiderer,Karnataka,16.158785,74.888862
VTP0000589,BELAGAVI,classes,CAAF0001119,Chinmay classes Athani pl no.91 Laxmi,narayan,Karnataka,16.158785,74.888862
VTP0000589,BELAGAVI,classes,CAAF0011815,CHINMAY CLASSES NO 2 PL NO. 91 LAXMI Hair,Stylist,Karnataka,16.158785,74.888862
VTP0000589,BELAGAVI,classes,CAAF0011815,CHINMAY CLASSES NO 2 PL NO. 91,LAXMI,Karnataka,16.158785,74.888862
VTP0000595,CHIKBALLAPUR,SofTech Academy Pvt Ltd,CAAF0012140,"Building, 2nd Beside",Balamuri,Karnataka,13.427422,77.732307
VTP0000595,CHIKBALLAPUR,SofTech Academy Pvt Ltd,CAAF0012140,"Building, 2nd Beside Balamuri Computing",and,Karnataka,13.427422,77.732307
VTP0000595,CHIKBALLAPUR,SofTech Academy Pvt Ltd,CAAF0012140,"Building, 2nd Beside Balamuri Inventory",Clerk,Karnataka,13.427422,77.732307
VTP0000595,CHIKBALLAPUR,SofTech Academy Pvt Ltd,CAAF0012140,"Building, 2nd Beside",Balamuri,Karnataka,13.427422,77.732307
VTP0000621,KALABURGI,,CAAF0010105,sanga,head,Karnataka,16.760946,77.236953
VTP0000622,TUMKURU,,CAAF0002756,"Educational and Rural building ,Bellary",Road,Karnataka,13.340077,77.100621
VTP0000625,DHARWAD,,CAAF0009816,,,Karnataka,15.370730,75.133287
VTP0000625,DHARWAD,,CAAF0009816,,,Karnataka,15.370730,75.133287
VTP0000625,DHARWAD,,CAAF0009816,Computing,and,Karnataka,15.370730,75.133287
VTP0000625,DHARWAD,,CAAF0012718,,,Karnataka,15.370730,75.133287
VTP0000625,DHARWAD,,CAAF0012718,,,Karnataka,15.370730,75.133287
VTP0000625,DHARWAD,,CAAF0012718,,Helpdesk,Karnataka,15.370730,75.133287
VTP0000625,KALABURGI,,CAAF0010763,Plaza Main,Road,Karnataka,16.760946,77.236953
VTP0000625,YADGIR,,CAAF0013592,opp Govt Degree College Hardware,Repair,Karnataka,16.574412,76.925443
VTP0000628,DAKSHINA KANNADA,Informatics,CAAF0013232,Lipi Informatics -,Vittal,Karnataka,12.822643,75.226504
VTP0000628,DAKSHINA KANNADA,Informatics,CAAF0013232,Lipi Informatics -,Vittal,Karnataka,12.822643,75.226504
VTP0000628,UDUPI,Informatics,CAAF0001174,Canara,"Bank,",Karnataka,13.526978,74.873188
VTP0000628,UDUPI,Informatics,CAAF0001176,"Lipi De Cabello Academy Manipal, Udupi Beauty",Therapist,Karnataka,13.526978,74.873188
VTP0000628,UDUPI,Informatics,CAAF0001176,"Lipi De Cabello Academy Manipal, Udupi Hair",Stylist,Karnataka,13.526978,74.873188
VTP0000628,UDUPI,Informatics,CAAF0013150,Lipi Informatics First,Floor,Karnataka,13.526978,74.873188
VTP0000628,UDUPI,Informatics,CAAF0013150,Lipi Informatics First Floor,Installation,Karnataka,13.526978,74.873188
VTP0000629,BAGALAKOTE,Bagalkot,CAAF0010414,,,Karnataka,16.205155,75.699470
VTP0000647,SHIVAMOGA,EDUCATION SOCIETY,CAAF0001234,,"BUILDING,",Karnataka,13.932609,75.574978
VTP0000647,SHIVAMOGA,EDUCATION SOCIETY,CAAF0001234,,"BUILDING,",Karnataka,13.932609,75.574978
VTP0000653,MYSURU,EDU SKILLS PVT LTD,CAAF0002648,CSCE EDU SKILLS -MYSORE MYSORE,Gardener,Karnataka,12.305183,76.655361
VTP0000653,MYSURU,EDU SKILLS PVT LTD,CAAF0002648,CSCE EDU SKILLS -MYSORE MYSORE Inventory,Clerk,Karnataka,12.305183,76.655361
VTP0000746,KOLAR,COMPUTER CENTRE,CAAF0005144,KIIT COMPUTER CENTRE,KRISHNA,Karnataka,13.180507,78.266933
VTP0000759,DAKSHINA KANNADA,,CAAF0010032,Temple,"Road,",Karnataka,12.822643,75.226504
VTP0000759,MANDYA,,CAAF0012293,DEVELOPMENT MADDUR,TOWN,Karnataka,12.636894,76.727548
VTP0000759,MANDYA,,CAAF0012293,DEVELOPMENT MADDUR,TOWN,Karnataka,12.636894,76.727548
VTP0000759,MANDYA,,CAAF0012293,DEVELOPMENT MADDUR,TOWN,Karnataka,12.636894,76.727548
VTP0000759,MANDYA,,CAAF0012293,DEVELOPMENT MADDUR,TOWN,Karnataka,12.636894,76.727548
VTP0000759,TUMKURU,,CAAF0007837,Prakash,"Layout,",Karnataka,13.340077,77.100621
VTP0000759,TUMKURU,,CAAF0010165,Prakash,"Layout,",Karnataka,13.340077,77.100621
VTP0000764,CHIKMAGALURU,CHARITABLE TRUST,CAAF0001668,"ROAD ,",A.I.T,Karnataka,13.318014,75.773874
VTP0000764,CHIKMAGALURU,CHARITABLE TRUST,CAAF0001668,"ROAD ,",A.I.T,Karnataka,13.318014,75.773874
VTP0000764,CHIKMAGALURU,CHARITABLE TRUST,CAAF0001668,"ROAD , A.I.T Hand",Embroiderer,Karnataka,13.318014,75.773874
VTP0000764,CHIKMAGALURU,CHARITABLE TRUST,CAAF0001668,"ROAD ,",A.I.T,Karnataka,13.318014,75.773874
VTP0000764,CHIKMAGALURU,CHARITABLE TRUST,CAAF0001668,"ROAD ,",A.I.T,Karnataka,13.318014,75.773874
VTP0000772,URBAN,,CAAF0001646,Nursing Education and MSR Nagara MSRIT Post Home Health,Aide,Karnataka,12.946155,77.550384
VTP0000788,MYSURU,INFORMATICS,CAAF0001664,"PRAAJNA INFORMATICS #1833/41, Complex, B M Road, Hand",Embroiderer,Karnataka,12.305183,76.655361
VTP0000788,MYSURU,INFORMATICS,CAAF0001664,"PRAAJNA INFORMATICS #1833/41, Complex, B M","Road,",Karnataka,12.305183,76.655361
VTP0000790,VIJAYAPURA,,CAAF0013234,AND TRAINING congress office,nearby,Karnataka,16.826991,75.717539
VTP0000798,URBAN,HMS ITI BENGALURU,CAAF0010011,HHS HMS ITI,COMPLEX,Karnataka,12.946155,77.550384
VTP0000798,URBAN,HMS ITI BENGALURU,CAAF0010011,HHS HMS ITI,COMPLEX,Karnataka,12.946155,77.550384
VTP0000798,URBAN,HMS ITI BENGALURU,CAAF0010011,HHS HMS ITI COMPLEX Helper,Electrician,Karnataka,12.946155,77.550384
VTP0000809,BELAGAVI,BUILD,CAAF0012303,BUS STAND Computing,and,Karnataka,16.158785,74.888862
VTP0000809,BELAGAVI,BUILD,CAAF0012303,BUS STAND Other,Home,Karnataka,16.158785,74.888862
VTP0000809,BELAGAVI,BUILD,CAAF0012345,,PAWATE,Karnataka,16.158785,74.888862
VTP0000818,RAMANAGARA,Grameenabhivruddi Samsthe,CAAF0004467,Grameenabhivruddi Beauty,Therapist,Karnataka,12.725277,77.280480
VTP0000818,RAMANAGARA,Grameenabhivruddi Samsthe,CAAF0004467,,Grameenabhivruddi,Karnataka,12.725277,77.280480
VTP0000818,RAMANAGARA,Grameenabhivruddi Samsthe,CAAF0004467,,Grameenabhivruddi,Karnataka,12.725277,77.280480
VTP0000820,BALLARI,,CAAF0001783,Development Society -,HAGARIBOMMANAHALLI,Karnataka,15.348317,76.805488
VTP0000820,BALLARI,,CAAF0001783,Development Society - HAGARIBOMMANAHALLI Hardware,Repair,Karnataka,15.348317,76.805488
VTP0000820,BALLARI,,CAAF0001783,Development Society -,HAGARIBOMMANAHALLI,Karnataka,15.348317,76.805488
VTP0000844,UDUPI,,CAAF0001825,VRATHIPARA,SHIKSHANA,Karnataka,13.526978,74.873188
VTP0000845,HASSAN,FARMS,CAAF0001826,RLP FARMS,UDDUR,Karnataka,13.030185,76.174497
VTP0000845,HASSAN,FARMS,CAAF0001826,RLP FARMS UDDUR,Gardener,Karnataka,13.030185,76.174497
VTP0000845,HASSAN,FARMS,CAAF0001826,RLP FARMS,UDDUR,Karnataka,13.030185,76.174497
VTP0000845,HASSAN,FARMS,CAAF0012641,,TRAINING,Karnataka,13.030185,76.174497
VTP0000845,HASSAN,FARMS,CAAF0012641,,TRAINING,Karnataka,13.030185,76.174497
VTP0000845,HASSAN,FARMS,CAAF0012721,TRAINING LINGESWARA MILS,",",Karnataka,13.030185,76.174497
VTP0000845,HASSAN,FARMS,CAAF0012721,"TRAINING LINGESWARA MILS , Organic",grower,Karnataka,13.030185,76.174497
VTP0000845,HASSAN,FARMS,CAAF0012721,"TRAINING LINGESWARA MILS ,",Installation,Karnataka,13.030185,76.174497
VTP0000845,HASSAN,FARMS,CAAF0012737,TRAINING R C,ROAD,Karnataka,13.030185,76.174497
VTP0000845,HASSAN,FARMS,CAAF0012737,TRAINING R C,ROAD,Karnataka,13.030185,76.174497
VTP0000869,GADAG,Kalidasa Shikshana Samithi Gadag,CAAF0004680,Bayal Anjaneya Hand,Embroiderer,Karnataka,15.416692,75.681580
VTP0000869,GADAG,Kalidasa Shikshana Samithi Gadag,CAAF0004680,Bayal,Anjaneya,Karnataka,15.416692,75.681580
VTP0000876,MYSURU,SAMSTHE REG,CAAF0002182,SIDDARAMANAHUNDI,Siddaramanahu,Karnataka,12.305183,76.655361
VTP0000876,MYSURU,SAMSTHE REG,CAAF0002184,building CLC Hand,Embroiderer,Karnataka,12.305183,76.655361
VTP0000878,URBAN,,CAAF0002179,FOR DIGITAL ECONOMY IN FEET,RING,Karnataka,12.946155,77.550384
VTP0000899,CHIKMAGALURU,VIDHYA SAMSTHE R,CAAF0009384,,sanjeeveni,Karnataka,13.318014,75.773874
VTP0000899,CHIKMAGALURU,VIDHYA SAMSTHE R,CAAF0009384,sanjeeveni Hardware,Repair,Karnataka,13.318014,75.773874
VTP0000899,CHIKMAGALURU,VIDHYA SAMSTHE R,CAAF0013156,R - NEAR HASTHINAPURA (Chikmagalur) Kadur,(Chikmagalur),Karnataka,13.318014,75.773874
VTP0000899,HASSAN,VIDHYA SAMSTHE R,CAAF0009373,"kuvempunagar kuvempu nagara dasarakoppalu, hassan",Machining,Karnataka,13.030185,76.174497
VTP0000899,HASSAN,VIDHYA SAMSTHE R,CAAF0009373,"kuvempunagar kuvempu nagara dasarakoppalu,",hassan,Karnataka,13.030185,76.174497
VTP0000899,HASSAN,VIDHYA SAMSTHE R,CAAF0009373,"kuvempunagar kuvempu nagara dasarakoppalu, hassan Cutting",Supervisor,Karnataka,13.030185,76.174497
VTP0000899,HASSAN,VIDHYA SAMSTHE R,CAAF0009373,"kuvempunagar kuvempu nagara dasarakoppalu, hassan Hardware",Repair,Karnataka,13.030185,76.174497
VTP0000899,HASSAN,VIDHYA SAMSTHE R,CAAF0009373,"kuvempunagar kuvempu nagara dasarakoppalu,",hassan,Karnataka,13.030185,76.174497
VTP0000899,HASSAN,VIDHYA SAMSTHE R,CAAF0009373,"kuvempunagar kuvempu nagara dasarakoppalu,",hassan,Karnataka,13.030185,76.174497
VTP0000903,DHARWAD,educational charitable trust,CAAF0002420,,(blank),Karnataka,15.370730,75.133287
VTP0000903,DHARWAD,educational charitable trust,CAAF0002420,(blank) Computing,and,Karnataka,15.370730,75.133287
VTP0000934,YADGIR,MATTU GRAMINABHIVRUDHI,CAAF0009639,SHIKSHANA MATTU CHOWDRY,BUILDING,Karnataka,16.574412,76.925443
VTP0000934,YADGIR,MATTU GRAMINABHIVRUDHI,CAAF0009639,SHIKSHANA MATTU CHOWDRY BUILDING,Helpdesk,Karnataka,16.574412,76.925443
VTP0000947,DAVANGERE,,CAAF0012518,ENTREPRENEURSHIP,-,Karnataka,14.433101,75.930283
VTP0000947,DHARWAD,,CAAF0003524,,,Karnataka,15.370730,75.133287
VTP0000947,DHARWAD,,CAAF0003524,,,Karnataka,15.370730,75.133287
VTP0000947,DHARWAD,,CAAF0003550,"Bammigatti India, Bammigatti","Cross,",Karnataka,15.370730,75.133287
VTP0000947,KOPPAL,,CAAF0003537,Near Rana Pratap,singh,Karnataka,15.574824,76.311849
VTP0000947,KOPPAL,,CAAF0003537,Near Rana Pratap singh Helper,Electrician,Karnataka,15.574824,76.311849
VTP0000947,KANNADA,,CAAF0003520,,CORPORATION,Karnataka,12.822643,75.226504
VTP0000947,KANNADA,,CAAF0003520,,CORPORATION,Karnataka,12.822643,75.226504
VTP0000947,KANNADA,,CAAF0003522,"ENTREPRENEURSHIP, Child",Caretaker,Karnataka,12.822643,75.226504
VTP0000947,KANNADA,,CAAF0003522,,"ENTREPRENEURSHIP,",Karnataka,12.822643,75.226504
VTP0000977,KALABURGI,COMPUTERS AND IT SERVICES,CAAF0005324,,,Karnataka,16.760946,77.236953
VTP0001049,TUMKURU,FOUNDATION,CAAF0006382,,Sadguru,Karnataka,13.340077,77.100621
VTP0001049,TUMKURU,FOUNDATION,CAAF0006382,,Sadguru,Karnataka,13.340077,77.100621
VTP0001064,GADAG,,CAAF0009027,VIVIDODDESHAGAL GANJI GANJI,BASAVESHWAR,Karnataka,15.416692,75.681580
VTP0001064,GADAG,,CAAF0009027,VIVIDODDESHAGAL GANJI GANJI,BASAVESHWAR,Karnataka,15.416692,75.681580
VTP0001130,BALLARI,Sadguru Education Trust,CAAF0013230,"Sadguru E T Bellary2 Road, Near Park, Ballari",-,Karnataka,15.348317,76.805488
VTP0001130,KODAGU,Sadguru Education Trust,CAAF0005483,Sri Sadguru ITI Sriniketan Near Old Pvt Bus,"Stand,",Karnataka,12.382733,75.664072
VTP0001130,KODAGU,Sadguru Education Trust,CAAF0005483,Sri Sadguru ITI Sriniketan Near Old Pvt Bus,"Stand,",Karnataka,12.382733,75.664072
VTP0001130,KODAGU,Sadguru Education Trust,CAAF0005483,Sri Sadguru ITI Sriniketan Near Old Pvt Bus,"Stand,",Karnataka,12.382733,75.664072
VTP0001143,CHIKMAGALURU,CHAITHANYA CHARITABLE TRUST,CAAF0012212,"Main Road, N R","Pura,",Karnataka,13.318014,75.773874
VTP0001143,CHIKMAGALURU,CHAITHANYA CHARITABLE TRUST,CAAF0012215,B H,KAIMRA,Karnataka,13.318014,75.773874
VTP0001143,CHIKMAGALURU,CHAITHANYA CHARITABLE TRUST,CAAF0012230,CHARITABLE TRUST Govt.Bus,"Stand,",Karnataka,13.318014,75.773874
VTP0001143,TUMKURU,CHAITHANYA CHARITABLE TRUST,CAAF0012998,"Complex , Complex , Gangothri Other",Home,Karnataka,13.340077,77.100621
VTP0001143,TUMKURU,CHAITHANYA CHARITABLE TRUST,CAAF0012998,"Complex , Complex ,",Gangothri,Karnataka,13.340077,77.100621
VTP0001143,TUMKURU,CHAITHANYA CHARITABLE TRUST,CAAF0013306,Other,Home,Karnataka,13.340077,77.100621
VTP0001143,TUMKURU,CHAITHANYA CHARITABLE TRUST,CAAF0013306,,,Karnataka,13.340077,77.100621
VTP0001147,URBAN,kalai herbal beauty parlour BENGALURU,CAAF0002994,raod magadi road near Hand,Embroiderer,Karnataka,12.946155,77.550384
VTP0001163,BELAGAVI,Enterprises Belagavi,CAAF0003010,"BANK, KALI BESIDE TJSB BANK,",KALI,Karnataka,16.158785,74.888862
VTP0001163,BELAGAVI,Enterprises Belagavi,CAAF0003012,OM COMPUTERS,RAIBAG,Karnataka,16.158785,74.888862
VTP0001163,BELAGAVI,Enterprises Belagavi,CAAF0007980,EDUCATION AND IT S B,BEDAKIHALE,Karnataka,16.158785,74.888862
VTP0001163,BELAGAVI,Enterprises Belagavi,CAAF0009332,"SP AVENUE""",(blank),Karnataka,16.158785,74.888862
VTP0001188,GADAG,,CAAF0004703,Koushalyabhivruddhi Association Gadag,Road,Karnataka,15.416692,75.681580
VTP0001193,BAGALAKOTE,,CAAF0006586,Millineum Infotec,"Infotec,Opp",Karnataka,16.205155,75.699470
VTP0001193,BIDAR,,CAAF0008658,SHIVA COMPUTER SHIVACOMPUTE,Animator,Karnataka,18.020730,77.248720
VTP0001193,CHIKMAGALURU,,CAAF0008898,MICROTECH COMPUTER Beside Deepa Nursing,Animator,Karnataka,13.318014,75.773874
VTP0001193,DAVANGERE,,CAAF0007993,WINDOWS COMPUTER 577002,Animator,Karnataka,14.433101,75.930283
VTP0001193,DAVANGERE,,CAAF0008151,"Education, # Circle,","Nituvalli,",Karnataka,14.433101,75.930283
VTP0001193,DHARWAD,,CAAF0007545,,,Karnataka,15.370730,75.133287
VTP0001193,DHARWAD,,CAAF0007618,"LAKSH Foundation foundation , 4th",Animator,Karnataka,15.370730,75.133287
VTP0001193,DHARWAD,,CAAF0007618,"LAKSH Foundation foundation ,",4th,Karnataka,15.370730,75.133287
VTP0001193,KALABURGI,,CAAF0012975,,,Karnataka,16.760946,77.236953
VTP0001193,MYSURU,,CAAF0011683,Shishira Softbiz Private 2nd floor HBO & Shakthi Nagar,Mysore,Karnataka,12.305183,76.655361
VTP0001193,MYSURU,,CAAF0011683,Shishira Softbiz Private 2nd floor HBO & Shakthi Nagar,Mysore,Karnataka,12.305183,76.655361
VTP0001193,RAICHURU,,CAAF0006561,"2ND FLOOR, CHOWK, RAICHUR",-,Karnataka,16.083333,77.166667
VTP0001193,KANNADA,,CAAF0006584,"Info Soft Computer CMC Complex, 2nd",Animator,Karnataka,12.822643,75.226504
VTP0001193,KANNADA,,CAAF0008443,,Education,Karnataka,12.822643,75.226504
VTP0001211,MANDYA,,CAAF0012376,HSECT Srirangapatana Srirangapatna,"Town,",Karnataka,12.636894,76.727548
VTP0001300,DAKSHINA KANNADA,Consultant PVT LTD,CAAF0006174,"FAANS ACADEMY 36/1(C)19, "" Beauty",Therapist,Karnataka,12.822643,75.226504
VTP0001300,DAKSHINA KANNADA,Consultant PVT LTD,CAAF0006174,"FAANS ACADEMY 36/1(C)19,","""",Karnataka,12.822643,75.226504
VTP0001322,DAVANGERE,PARAMESHWARAPPA MEMORIAL I T I,CAAF0010013,SHYAGALE,SHYAGALE,Karnataka,14.433101,75.930283
VTP0001322,DAVANGERE,PARAMESHWARAPPA MEMORIAL I T I,CAAF0010013,SHYAGALE SHYAGALE Hand,Embroiderer,Karnataka,14.433101,75.930283
VTP0001322,DAVANGERE,PARAMESHWARAPPA MEMORIAL I T I,CAAF0010013,SHYAGALE,SHYAGALE,Karnataka,14.433101,75.930283
VTP0001327,HASSAN,Infotech,CAAF0013161,Siddarameshwara,Infotech,Karnataka,13.030185,76.174497
VTP0001327,HASSAN,Infotech,CAAF0013806,Siddarameshwara Infotech Computing,and,Karnataka,13.030185,76.174497
VTP0001327,HASSAN,Infotech,CAAF0014136,Siddarameshwara Infotech Computing,and,Karnataka,13.030185,76.174497
VTP0001343,BELAGAVI,Foundation,CAAF0008018,"Abhiyan Foundation Gokak College road, LET College road,",NR.,Karnataka,16.158785,74.888862
VTP0001343,BELAGAVI,Foundation,CAAF0008082,Nehru Nagar Near,to,Karnataka,16.158785,74.888862
VTP0001343,BELAGAVI,Foundation,CAAF0009121,,,Karnataka,16.158785,74.888862
VTP0001343,BELAGAVI,Foundation,CAAF0010010,"Abhiyan Foundation -Kittur floor , Shree",Selection,Karnataka,16.158785,74.888862
VTP0001343,DHARWAD,Foundation,CAAF0008028,".Kundgol, Aarea .Kundgol,","581113,",Karnataka,15.370730,75.133287
VTP0001343,DHARWAD,Foundation,CAAF0008046,"Abhiyan Foundation Hubli College,",Vidya,Karnataka,15.370730,75.133287
VTP0001343,DHARWAD,Foundation,CAAF0008046,"Abhiyan Foundation Hubli College, Vidya",Helpdesk,Karnataka,15.370730,75.133287
VTP0001343,DHARWAD,Foundation,CAAF0008046,"Abhiyan Foundation Hubli College,",Vidya,Karnataka,15.370730,75.133287
VTP0001343,DHARWAD,Foundation,CAAF0008046,"Abhiyan Foundation Hubli College,",Vidya,Karnataka,15.370730,75.133287
VTP0001343,DHARWAD,Foundation,CAAF0008788,Abhiyan Foundation Hulbi,CHETANA,Karnataka,15.370730,75.133287
VTP0001343,DHARWAD,Foundation,CAAF0008788,Abhiyan Foundation Hulbi,CHETANA,Karnataka,15.370730,75.133287
VTP0001343,DHARWAD,Foundation,CAAF0009122,Satellite complex,",",Karnataka,15.370730,75.133287
VTP0001343,DHARWAD,Foundation,CAAF0009122,Satellite complex,",",Karnataka,15.370730,75.133287
VTP0001343,DHARWAD,Foundation,CAAF0010026,area Tippu Near to Market,area,Karnataka,15.370730,75.133287
VTP0001343,DHARWAD,Foundation,CAAF0010340,,"complex,",Karnataka,15.370730,75.133287
VTP0001343,DHARWAD,Foundation,CAAF0013067,"Abhiyan Foundation Hubli 2nd floor, Shah 2nd floor, Shah Bazar Beauty",Therapist,Karnataka,15.370730,75.133287
VTP0001343,DHARWAD,Foundation,CAAF0013224,Near bus,stand,Karnataka,15.370730,75.133287
VTP0001343,DHARWAD,Foundation,CAAF0013224,Near bus stand,Helpdesk,Karnataka,15.370730,75.133287
VTP0001343,DHARWAD,Foundation,CAAF0013224,Near bus,stand,Karnataka,15.370730,75.133287
VTP0001343,HAVERI,Foundation,CAAF0008964,Abhiyan Foundation,Guttal,Karnataka,14.718027,75.365642
VTP0001350,HASSAN,H HUMAN RESOURSE AND GARMENTS,CAAF0012747,AND GARMENTS - VIDYA SOUDAMINI VIDYA Hand,Embroiderer,Karnataka,13.030185,76.174497
VTP0001350,HASSAN,H HUMAN RESOURSE AND GARMENTS,CAAF0012747,AND GARMENTS - VIDYA SOUDAMINI,VIDYA,Karnataka,13.030185,76.174497
VTP0001350,HASSAN,H HUMAN RESOURSE AND GARMENTS,CAAF0014189,Beauty,Therapist,Karnataka,13.030185,76.174497
VTP0001350,HASSAN,H HUMAN RESOURSE AND GARMENTS,CAAF0014189,Vehicle,Driver,Karnataka,13.030185,76.174497
VTP0001350,HASSAN,H HUMAN RESOURSE AND GARMENTS,CAAF0014189,Computing,and,Karnataka,13.030185,76.174497
VTP0001350,HASSAN,H HUMAN RESOURSE AND GARMENTS,CAAF0014189,,,Karnataka,13.030185,76.174497
VTP0001350,HASSAN,H HUMAN RESOURSE AND GARMENTS,CAAF0014315,,,Karnataka,13.030185,76.174497
VTP0001359,RAMANAGARA,SQUARE ACADEMY PRIVATE LIMITED,CAAF0004548,"Y Square Academy Arcade, Near B M Road,",Ramanagara,Karnataka,12.725277,77.280480
VTP0001359,RAMANAGARA,SQUARE ACADEMY PRIVATE LIMITED,CAAF0004548,"Y Square Academy Arcade, Near B M Road,",Ramanagara,Karnataka,12.725277,77.280480
VTP0001361,CHIKBALLAPUR,Computers,CAAF0004530,National Computers Above Syndicate B.B Road,Chickaballapur,Karnataka,13.427422,77.732307
VTP0001460,RAICHURU,SOLUTIONS SINDAGI,CAAF0013097,Bus Stand,Area,Karnataka,16.083333,77.166667
VTP0001460,VIJAYAPURA,SOLUTIONS SINDAGI,CAAF0012930,GP Porwal Main Road,Sindagi-,Karnataka,16.826991,75.717539
VTP0001460,VIJAYAPURA,SOLUTIONS SINDAGI,CAAF0012930,GP Porwal Main Road Sindagi- Computing,and,Karnataka,16.826991,75.717539
VTP0001460,VIJAYAPURA,SOLUTIONS SINDAGI,CAAF0012930,GP Porwal Main Road,Sindagi-,Karnataka,16.826991,75.717539
VTP0001460,YADGIR,SOLUTIONS SINDAGI,CAAF0012618,M/S,Hanamanth,Karnataka,16.574412,76.925443
VTP0001460,YADGIR,SOLUTIONS SINDAGI,CAAF0012618,M/S,Hanamanth,Karnataka,16.574412,76.925443
VTP0001460,YADGIR,SOLUTIONS SINDAGI,CAAF0012716,,,Karnataka,16.574412,76.925443
VTP0001460,YADGIR,SOLUTIONS SINDAGI,CAAF0012716,,,Karnataka,16.574412,76.925443
VTP0001460,YADGIR,SOLUTIONS SINDAGI,CAAF0012782,(R) Harikrishna,Shaahpur,Karnataka,16.574412,76.925443
VTP0001460,YADGIR,SOLUTIONS SINDAGI,CAAF0012782,(R) Harikrishna Shaahpur Computing,and,Karnataka,16.574412,76.925443
VTP0001460,YADGIR,SOLUTIONS SINDAGI,CAAF0012782,(R) Harikrishna,Shaahpur,Karnataka,16.574412,76.925443
VTP0001460,YADGIR,SOLUTIONS SINDAGI,CAAF0012814,,Yadgiri,Karnataka,16.574412,76.925443
VTP0001460,YADGIR,SOLUTIONS SINDAGI,CAAF0012814,,Yadgiri,Karnataka,16.574412,76.925443
VTP0001460,YADGIR,SOLUTIONS SINDAGI,CAAF0012836,Floor Shahabadi Gandhi Circle,Shorapur,Karnataka,16.574412,76.925443
VTP0001460,YADGIR,SOLUTIONS SINDAGI,CAAF0012836,Floor Shahabadi Gandhi Circle,Shorapur,Karnataka,16.574412,76.925443
VTP0001489,SHIVAMOGA,MOTOR DRIVING SCHOOL,CAAF0005478,NIRAMAL Vehicle,Driver,Karnataka,13.932609,75.574978
VTP0001502,UDUPI,,CAAF0005556,Anantha shayana,Temple,Karnataka,13.526978,74.873188
VTP0001502,UDUPI,,CAAF0005556,Anantha shayana Temple Other,Home,Karnataka,13.526978,74.873188
VTP0001512,CHIKBALLAPUR,K COMPUTER INSTITUTE,CAAF0011783,NAREPPA,DIST:CHIKBALLAPUR,Karnataka,13.427422,77.732307
VTP0001512,CHIKBALLAPUR,K COMPUTER INSTITUTE,CAAF0011783,NAREPPA DIST:CHIKBALLAPUR Computing,and,Karnataka,13.427422,77.732307
VTP0001512,CHIKMAGALURU,K COMPUTER INSTITUTE,CAAF0011793,,,Karnataka,13.318014,75.773874
VTP0001512,CHIKMAGALURU,K COMPUTER INSTITUTE,CAAF0011793,Computing,and,Karnataka,13.318014,75.773874
VTP0001512,KALABURGI,K COMPUTER INSTITUTE,CAAF0005574,"S K COMPUTER AFZALPUR Complex,",Opp:,Karnataka,16.760946,77.236953
VTP0001512,KALABURGI,K COMPUTER INSTITUTE,CAAF0005574,"S K COMPUTER AFZALPUR Complex, Opp: Computing",and,Karnataka,16.760946,77.236953
VTP0001512,MANDYA,K COMPUTER INSTITUTE,CAAF0012201,"BUILDING, #4, 1st",Floor,Karnataka,12.636894,76.727548
VTP0001512,MANDYA,K COMPUTER INSTITUTE,CAAF0012201,"BUILDING, #4, 1st Floor Computing",and,Karnataka,12.636894,76.727548
VTP0001512,RAMANAGARA,K COMPUTER INSTITUTE,CAAF0011768,OPP:POLICE,QUARTER,Karnataka,12.725277,77.280480
VTP0001512,RAMANAGARA,K COMPUTER INSTITUTE,CAAF0011768,OPP:POLICE QUARTER Other,Home,Karnataka,12.725277,77.280480
VTP0001512,VIJAYAPURA,K COMPUTER INSTITUTE,CAAF0005571,S K COMPUTER,INDI,Karnataka,16.826991,75.717539
VTP0001512,VIJAYAPURA,K COMPUTER INSTITUTE,CAAF0005571,S K COMPUTER INDI Computing,and,Karnataka,16.826991,75.717539
VTP0001512,VIJAYAPURA,K COMPUTER INSTITUTE,CAAF0005571,S K COMPUTER INDI Hardware,Repair,Karnataka,16.826991,75.717539
VTP0001512,VIJAYAPURA,K COMPUTER INSTITUTE,CAAF0011836,opposite MAX mall patil Computing,and,Karnataka,16.826991,75.717539
VTP0001512,VIJAYAPURA,K COMPUTER INSTITUTE,CAAF0011836,opposite MAX mall patil Other,Home,Karnataka,16.826991,75.717539
VTP0001546,VIJAYAPURA,,CAAF0013148,Near Gandhi,Chowk,Karnataka,16.826991,75.717539
VTP0001546,VIJAYAPURA,,CAAF0013148,Near Gandhi,Chowk,Karnataka,16.826991,75.717539
VTP0001546,VIJAYAPURA,,CAAF0013148,Near Gandhi Chowk Computing,and,Karnataka,16.826991,75.717539
VTP0001552,BALLARI,CHARITABLE TRUST,CAAF0009264,KOLUR KOLOR,VILLAGE,Karnataka,15.348317,76.805488
VTP0001584,DAVANGERE,,CAAF0005901,nehru road,jagalur,Karnataka,14.433101,75.930283
VTP0001584,DAVANGERE,,CAAF0005901,nehru road,jagalur,Karnataka,14.433101,75.930283
VTP0001605,BENGALURU RURAL,FOUNDATION,CAAF0005928,BANGALORE RURAL,DIST-,Karnataka,13.182624,77.339568
VTP0001614,KOLAR,Professionals Training Centre,CAAF0010379,SRPTC KOLAR Dodda,pete,Karnataka,13.180507,78.266933
VTP0001614,KOLAR,Professionals Training Centre,CAAF0010379,SRPTC KOLAR Dodda pete,Helpdesk,Karnataka,13.180507,78.266933
VTP0001649,RAICHURU,,CAAF0006017,ABHIVRIDDHI SAMSTHE MUDGAL,MUDGAL,Karnataka,16.083333,77.166667
VTP0001649,RAICHURU,,CAAF0006017,ABHIVRIDDHI SAMSTHE MUDGAL MUDGAL Hair,Stylist,Karnataka,16.083333,77.166667
VTP0001649,RAICHURU,,CAAF0006017,ABHIVRIDDHI SAMSTHE MUDGAL,MUDGAL,Karnataka,16.083333,77.166667
VTP0001686,BAGALAKOTE,INFOTECH,CAAF0013213,KUMAR INFOTECH bilagi Akkamahadevi Shivaji,Circle,Karnataka,16.205155,75.699470
VTP0001686,BAGALAKOTE,INFOTECH,CAAF0013213,KUMAR INFOTECH bilagi Akkamahadevi Shivaji,Circle,Karnataka,16.205155,75.699470
VTP0001686,KALABURGI,INFOTECH,CAAF0013838,,Installation,Karnataka,16.760946,77.236953
VTP0001686,VIJAYAPURA,INFOTECH,CAAF0006155,,,Karnataka,16.826991,75.717539
VTP0001686,VIJAYAPURA,INFOTECH,CAAF0006156,Computing,and,Karnataka,16.826991,75.717539
VTP0001686,YADGIR,INFOTECH,CAAF0012068,,,Karnataka,16.574412,76.925443
VTP0001686,YADGIR,INFOTECH,CAAF0012068,Other,Home,Karnataka,16.574412,76.925443
VTP0001686,YADGIR,INFOTECH,CAAF0012068,,,Karnataka,16.574412,76.925443
VTP0001686,YADGIR,INFOTECH,CAAF0012637,Near Talikoti Road Kembhavi,Helpdesk,Karnataka,16.574412,76.925443
VTP0001686,YADGIR,INFOTECH,CAAF0012637,Near Talikoti Road,Kembhavi,Karnataka,16.574412,76.925443
VTP0001686,YADGIR,INFOTECH,CAAF0012740,Shankar,Nayak,Karnataka,16.574412,76.925443
VTP0001686,YADGIR,INFOTECH,CAAF0012740,Shankar Nayak,Helpdesk,Karnataka,16.574412,76.925443
VTP0001703,BIDAR,English And Computer Centre,CAAF0013261,"Ambedkar Circle Gunj,",Bhalki,Karnataka,18.020730,77.248720
VTP0001703,BIDAR,English And Computer Centre,CAAF0013261,"Ambedkar Circle Gunj,",Bhalki,Karnataka,18.020730,77.248720
VTP0001703,DHARWAD,English And Computer Centre,CAAF0012178,Computer centre- Hubballi - Above Union Computing,and,Karnataka,15.370730,75.133287
VTP0001703,DHARWAD,English And Computer Centre,CAAF0012178,Computer centre- Hubballi - Above,Union,Karnataka,15.370730,75.133287
VTP0001703,KALABURGI,English And Computer Centre,CAAF0006189,"Computer Centre - Developers Old Gunj Road, Computing",and,Karnataka,16.760946,77.236953
VTP0001703,KALABURGI,English And Computer Centre,CAAF0006189,Computer Centre - Developers Old Gunj,"Road,",Karnataka,16.760946,77.236953
VTP0001703,KALABURGI,English And Computer Centre,CAAF0006189,Computer Centre - Developers Old Gunj,"Road,",Karnataka,16.760946,77.236953
VTP0001703,KALABURGI,English And Computer Centre,CAAF0013975,Yargol Kalyana Opp: Ram,Mandir,Karnataka,16.760946,77.236953
VTP0001703,KALABURGI,English And Computer Centre,CAAF0013975,Yargol Kalyana Opp: Ram,Mandir,Karnataka,16.760946,77.236953
VTP0001703,KALABURGI,English And Computer Centre,CAAF0013975,Yargol Kalyana Opp: Ram,Mandir,Karnataka,16.760946,77.236953
VTP0001709,BAGALAKOTE,,CAAF0013852,Computer,Education,Karnataka,16.205155,75.699470
VTP0001709,VIJAYAPURA,,CAAF0006201,Computer Education nagathan gurukul,road-vijayapur,Karnataka,16.826991,75.717539
VTP0001709,VIJAYAPURA,,CAAF0006201,Computer Education nagathan gurukul,road-vijayapur,Karnataka,16.826991,75.717539
VTP0001709,VIJAYAPURA,,CAAF0011168,Computer Education radha,krishna,Karnataka,16.826991,75.717539
VTP0001709,VIJAYAPURA,,CAAF0011168,Computer Education radha krishna Computing,and,Karnataka,16.826991,75.717539
VTP0001709,VIJAYAPURA,,CAAF0011573,Computer,Education,Karnataka,16.826991,75.717539
VTP0001709,VIJAYAPURA,,CAAF0011573,Computer Education,Helpdesk,Karnataka,16.826991,75.717539
VTP0001709,VIJAYAPURA,,CAAF0011573,Computer Education Computing,and,Karnataka,16.826991,75.717539
VTP0001725,URBAN,Computer Free Training Centre BENGALURU,CAAF0012906,"67/1,6th","Cross,",Karnataka,12.946155,77.550384
VTP0001731,URBAN,,CAAF0007537,IISE - Peenya,"Mile,Dasarahalli,Bangalo",Karnataka,12.946155,77.550384
VTP0001731,RAICHURU,,CAAF0013315,IISE Devadurga Hand,Embroiderer,Karnataka,16.083333,77.166667
VTP0001737,BALLARI,SAMAJA SEVA SAMSTHE,CAAF0006277,"education & soft skil h, Beauty",Therapist,Karnataka,15.348317,76.805488
VTP0001737,BALLARI,SAMAJA SEVA SAMSTHE,CAAF0006277,education & soft skil,"h,",Karnataka,15.348317,76.805488
VTP0001737,BALLARI,SAMAJA SEVA SAMSTHE,CAAF0006277,"education & soft skil h, Hand",Embroiderer,Karnataka,15.348317,76.805488
VTP0001737,BALLARI,SAMAJA SEVA SAMSTHE,CAAF0006277,education & soft skil,"h,",Karnataka,15.348317,76.805488
VTP0001767,DAVANGERE,,CAAF0006461,MULTI PURPOSE CO OP VIVIDODDESHA HONNALI,TOWN,Karnataka,14.433101,75.930283
VTP0001767,DAVANGERE,,CAAF0006461,MULTI PURPOSE CO OP VIVIDODDESHA HONNALI,TOWN,Karnataka,14.433101,75.930283
VTP0001783,CHIKMAGALURU,ENTERPRISES,CAAF0009345,"Parthiv enterprises KADUR sarkari akki kadur, opp hospital Beauty",Therapist,Karnataka,13.318014,75.773874
VTP0001783,HASSAN,ENTERPRISES,CAAF0006413,"Parthiv Enterprises ALUR (P) (T),",HASSAN.,Karnataka,13.030185,76.174497
VTP0001783,HASSAN,ENTERPRISES,CAAF0006413,"Parthiv Enterprises ALUR (P) (T),",HASSAN.,Karnataka,13.030185,76.174497
VTP0001783,HASSAN,ENTERPRISES,CAAF0008941,,venkateshwara,Karnataka,13.030185,76.174497
VTP0001783,HASSAN,ENTERPRISES,CAAF0008990,sainatha road,arasikere,Karnataka,13.030185,76.174497
VTP0001783,HASSAN,ENTERPRISES,CAAF0008990,sainatha road,arasikere,Karnataka,13.030185,76.174497
VTP0001783,HASSAN,ENTERPRISES,CAAF0009315,,"channapatna,hassan",Karnataka,13.030185,76.174497
VTP0001783,HASSAN,ENTERPRISES,CAAF0010399,,,Karnataka,13.030185,76.174497
VTP0001783,HASSAN,ENTERPRISES,CAAF0010399,,,Karnataka,13.030185,76.174497
VTP0001783,HASSAN,ENTERPRISES,CAAF0010399,Organic,grower,Karnataka,13.030185,76.174497
VTP0001783,HASSAN,ENTERPRISES,CAAF0010399,,,Karnataka,13.030185,76.174497
VTP0001783,HASSAN,ENTERPRISES,CAAF0010399,,Installation,Karnataka,13.030185,76.174497
VTP0001783,HASSAN,ENTERPRISES,CAAF0010400,enterprises near ambedkarnagara,belur,Karnataka,13.030185,76.174497
VTP0001783,HASSAN,ENTERPRISES,CAAF0010400,enterprises near ambedkarnagara,belur,Karnataka,13.030185,76.174497
VTP0001783,HASSAN,ENTERPRISES,CAAF0010428,kotemain road,holenarsipura,Karnataka,13.030185,76.174497
VTP0001783,HASSAN,ENTERPRISES,CAAF0011446,"Parthiv enterprises hassan Temple,",Double,Karnataka,13.030185,76.174497
VTP0001783,HASSAN,ENTERPRISES,CAAF0011453,"Parthiv entrprises madalu Arsikere Taluk, Organic",grower,Karnataka,13.030185,76.174497
VTP0001783,HASSAN,ENTERPRISES,CAAF0011453,Parthiv entrprises madalu Arsikere,"Taluk,",Karnataka,13.030185,76.174497
VTP0001783,HASSAN,ENTERPRISES,CAAF0011489,,,Karnataka,13.030185,76.174497
VTP0001783,HASSAN,ENTERPRISES,CAAF0013222,HASSAN,KARNATAKA,Karnataka,13.030185,76.174497
VTP0001783,HASSAN,ENTERPRISES,CAAF0013222,HASSAN,KARNATAKA,Karnataka,13.030185,76.174497
VTP0001783,HASSAN,ENTERPRISES,CAAF0013222,HASSAN KARNATAKA Organic,grower,Karnataka,13.030185,76.174497
VTP0001809,KALABURGI,INSTITUTE,CAAF0006505,"REDDYS INSTITUTE complex, lalgiri complex, lalgiri cross",S.B,Karnataka,16.760946,77.236953
VTP0001812,KALABURGI,Tech Computers Infocity,CAAF0006512,Hi Tech Computers Infocity DSP Office DSP Office,Hungunta,Karnataka,16.760946,77.236953
VTP0001812,KALABURGI,Tech Computers Infocity,CAAF0006512,Hi Tech Computers Infocity DSP Office DSP Office,Hungunta,Karnataka,16.760946,77.236953
VTP0001812,KALABURGI,Tech Computers Infocity,CAAF0006512,Hi Tech Computers Infocity DSP Office DSP Office,Hungunta,Karnataka,16.760946,77.236953
VTP0001812,KALABURGI,Tech Computers Infocity,CAAF0006512,Hi Tech Computers Infocity DSP Office DSP Office,Hungunta,Karnataka,16.760946,77.236953
VTP0001812,RAICHURU,Tech Computers Infocity,CAAF0012253,Hi Tech Computers Infocity,Complex,Karnataka,16.083333,77.166667
VTP0001812,RAICHURU,Tech Computers Infocity,CAAF0012253,Hi Tech Computers Infocity,Complex,Karnataka,16.083333,77.166667
VTP0001812,RAICHURU,Tech Computers Infocity,CAAF0012253,Hi Tech Computers Infocity,Complex,Karnataka,16.083333,77.166667
VTP0001865,SHIVAMOGA,SEVA SAMSTHE,CAAF0007227,ELEGANT SEVA SAMSTHE OPPOSITE,GOVT,Karnataka,13.932609,75.574978
VTP0001865,SHIVAMOGA,SEVA SAMSTHE,CAAF0007228,ELEGANT SEVA SAMSTHE ROAD NTB ROAD,JANNAPURA,Karnataka,13.932609,75.574978
VTP0001865,SHIVAMOGA,SEVA SAMSTHE,CAAF0009025,ELEGANT SEVA SAMSTHE,MARKET,Karnataka,13.932609,75.574978
VTP0001865,SHIVAMOGA,SEVA SAMSTHE,CAAF0010132,,,Karnataka,13.932609,75.574978
VTP0001865,SHIVAMOGA,SEVA SAMSTHE,CAAF0010164,OPPOSITE BUS,STAND,Karnataka,13.932609,75.574978
VTP0001865,SHIVAMOGA,SEVA SAMSTHE,CAAF0011279,COLLEGE THERU BEEDI Hand,Embroiderer,Karnataka,13.932609,75.574978
VTP0001865,SHIVAMOGA,SEVA SAMSTHE,CAAF0011279,COLLEGE THERU,BEEDI,Karnataka,13.932609,75.574978
VTP0001923,KOPPAL,,CAAF0007704,,Rampurpeth,Karnataka,15.574824,76.311849
VTP0001923,KOPPAL,,CAAF0007704,,Rampurpeth,Karnataka,15.574824,76.311849
VTP0001929,URBAN,,CAAF0007728,"Vocational Education and Training Centre Agrahara,Murugesh Electrical Works",-,Karnataka,12.946155,77.550384
VTP0001950,DAKSHINA KANNADA,U SOFT Education Academy R,CAAF0007893,Balmatta,"Road,",Karnataka,12.822643,75.226504
VTP0001950,DAKSHINA KANNADA,U SOFT Education Academy R,CAAF0008793,,Uppinangady,Karnataka,12.822643,75.226504
VTP0002018,CHIKBALLAPUR,,CAAF0008664,floor Beauty,Therapist,Karnataka,13.427422,77.732307
VTP0002018,CHIKBALLAPUR,,CAAF0008664,,floor,Karnataka,13.427422,77.732307
VTP0002028,BAGALAKOTE,SAMSTHE,CAAF0009291,panchamukhi skill center,grameenabhivru,Karnataka,16.205155,75.699470
VTP0002028,BAGALAKOTE,SAMSTHE,CAAF0009291,panchamukhi skill center,grameenabhivru,Karnataka,16.205155,75.699470
VTP0002028,BAGALAKOTE,SAMSTHE,CAAF0012896,Sector. No.,38,Karnataka,16.205155,75.699470
VTP0002028,BAGALAKOTE,SAMSTHE,CAAF0012896,Sector. No.,38,Karnataka,16.205155,75.699470
VTP0002028,BAGALAKOTE,SAMSTHE,CAAF0012980,Magenniyavar cts no 3241,guledgudda,Karnataka,16.205155,75.699470
VTP0002028,BAGALAKOTE,SAMSTHE,CAAF0012980,Magenniyavar cts no 3241,guledgudda,Karnataka,16.205155,75.699470
VTP0002028,BAGALAKOTE,SAMSTHE,CAAF0013187,at post,Gaddanakeri,Karnataka,16.205155,75.699470
VTP0002039,CHAMARAJANAGARA,Foundation,CAAF0014531,,G.P.,Karnataka,11.923806,76.939356
VTP0002039,CHAMARAJANAGARA,Foundation,CAAF0014531,G.P. Makeup,Artist,Karnataka,11.923806,76.939356
VTP0002039,CHAMARAJANAGARA,Foundation,CAAF0014531,,G.P.,Karnataka,11.923806,76.939356
VTP0002039,MANDYA,Foundation,CAAF0014213,,,Karnataka,12.636894,76.727548
VTP0002039,MANDYA,Foundation,CAAF0014213,,,Karnataka,12.636894,76.727548
VTP0002039,MANDYA,Foundation,CAAF0014213,Engineer,-,Karnataka,12.636894,76.727548
VTP0002039,MANDYA,Foundation,CAAF0014213,,,Karnataka,12.636894,76.727548
VTP0002039,MYSURU,Foundation,CAAF0012302,,,Karnataka,12.305183,76.655361
VTP0002039,MYSURU,Foundation,CAAF0012302,Hand,Embroiderer,Karnataka,12.305183,76.655361
VTP0002039,MYSURU,Foundation,CAAF0012302,Makeup,Artist,Karnataka,12.305183,76.655361
VTP0002039,MYSURU,Foundation,CAAF0012302,,,Karnataka,12.305183,76.655361
VTP0002050,RAICHURU,,CAAF0008820,SOCIETY- BEHIND RAM MANDIR,UDAY,Karnataka,16.083333,77.166667
VTP0002050,RAICHURU,,CAAF0008820,SOCIETY- BEHIND RAM MANDIR,UDAY,Karnataka,16.083333,77.166667
VTP0002050,RAICHURU,,CAAF0011974,SOCIETY - OPP: WEST ABOVE,:,Karnataka,16.083333,77.166667
VTP0002050,RAICHURU,,CAAF0012374,URBAN,DEVELOPMENT,Karnataka,16.083333,77.166667
VTP0002050,RAICHURU,,CAAF0012375,URBAN DEVELOPMENT,ROAD,Karnataka,16.083333,77.166667
VTP0002050,RAICHURU,,CAAF0012375,URBAN DEVELOPMENT,ROAD,Karnataka,16.083333,77.166667
VTP0002050,RAICHURU,,CAAF0012375,URBAN DEVELOPMENT,ROAD,Karnataka,16.083333,77.166667
VTP0002050,RAICHURU,,CAAF0012375,URBAN DEVELOPMENT,ROAD,Karnataka,16.083333,77.166667
VTP0002050,RAICHURU,,CAAF0012615,URBAN DEVELOPMENT NEAR POST . NEAR POST,OFFICE,Karnataka,16.083333,77.166667
VTP0002050,RAICHURU,,CAAF0012615,URBAN DEVELOPMENT NEAR POST . NEAR POST,OFFICE,Karnataka,16.083333,77.166667
VTP0002050,RAICHURU,,CAAF0012615,URBAN DEVELOPMENT NEAR POST . NEAR POST OFFICE Tour,Escort,Karnataka,16.083333,77.166667
VTP0002059,BENGALURU RURAL,ITES,CAAF0014187,"Edukare ITES - Hosakote MV Extension , 1st floor",",",Karnataka,13.182624,77.339568
VTP0002059,MYSURU,ITES,CAAF0008837,"EDUKARE ITES - 1 road , kuvempunagar",",",Karnataka,12.305183,76.655361
VTP0002059,MYSURU,ITES,CAAF0008837,"EDUKARE ITES - 1 road , kuvempunagar",",",Karnataka,12.305183,76.655361
VTP0002059,MYSURU,ITES,CAAF0008838,EDUKARE ITES - 2 circle near najumalige circle,near,Karnataka,12.305183,76.655361
VTP0002059,MYSURU,ITES,CAAF0008838,EDUKARE ITES - 2 circle near najumalige circle,near,Karnataka,12.305183,76.655361
VTP0002089,DHARWAD,GEARS,CAAF0008958,VIJAYALAXMI GEARS,"ESTATE,GOKUL",Karnataka,15.370730,75.133287
VTP0002089,DHARWAD,GEARS,CAAF0008958,VIJAYALAXMI GEARS,"ESTATE,GOKUL",Karnataka,15.370730,75.133287
VTP0002114,BELAGAVI,Educational Welfare Society,CAAF0011120,jubilee building Computing,and,Karnataka,16.158785,74.888862
VTP0002116,DHARWAD,Foundation Oxford College,CAAF0009006,Sholapur Sholapur,highway,Karnataka,15.370730,75.133287
VTP0002116,DHARWAD,Foundation Oxford College,CAAF0009006,Sholapur Sholapur,highway,Karnataka,15.370730,75.133287
VTP0002116,DHARWAD,Foundation Oxford College,CAAF0009006,Sholapur Sholapur highway Equity,Dealer,Karnataka,15.370730,75.133287
VTP0002116,DHARWAD,Foundation Oxford College,CAAF0009006,Sholapur Sholapur,highway,Karnataka,15.370730,75.133287
VTP0002120,VIJAYAPURA,,CAAF0009016,ASMA TAILORING Cutting,Supervisor,Karnataka,16.826991,75.717539
VTP0002120,VIJAYAPURA,,CAAF0009382,ASMA BEAUTY PARLOUR,BUILDING,Karnataka,16.826991,75.717539
VTP0002120,VIJAYAPURA,,CAAF0009382,ASMA BEAUTY PARLOUR BUILDING Beauty,Therapist,Karnataka,16.826991,75.717539
VTP0002160,URBAN,,CAAF0009080,"chowtry,",Hesarughatta,Karnataka,12.946155,77.550384
VTP0002160,MANDYA,,CAAF0010283,"PURASABE, NEW BUILDING K R PET",TOWN,Karnataka,12.636894,76.727548
VTP0002160,MANDYA,,CAAF0013155,,,Karnataka,12.636894,76.727548
VTP0002160,TUMKURU,,CAAF0009081,,,Karnataka,13.340077,77.100621
VTP0002161,URBAN,BENGALURU,CAAF0013396,,,Karnataka,12.946155,77.550384
VTP0002161,URBAN,BENGALURU,CAAF0013396,,,Karnataka,12.946155,77.550384
VTP0002170,BAGALAKOTE,and Self Employment,CAAF0009153,"School, Vijay School, Vijay Nagar,",Handloom,Karnataka,16.205155,75.699470
VTP0002210,BELAGAVI,Grameena Abhiruddhi Sang,CAAF0009374,Post,Athani,Karnataka,16.158785,74.888862
VTP0002210,BELAGAVI,Grameena Abhiruddhi Sang,CAAF0009374,Post Athani Organic,grower,Karnataka,16.158785,74.888862
VTP0002210,BELAGAVI,Grameena Abhiruddhi Sang,CAAF0009374,Post,Athani,Karnataka,16.158785,74.888862
VTP0002211,HASSAN,,CAAF0009416,subhash nagar arsikere Beauty,Therapist,Karnataka,13.030185,76.174497
VTP0002211,HASSAN,,CAAF0009416,subhash nagar,arsikere,Karnataka,13.030185,76.174497
VTP0002211,HASSAN,,CAAF0009416,subhash nagar,arsikere,Karnataka,13.030185,76.174497
VTP0002211,HASSAN,,CAAF0013836,,,Karnataka,13.030185,76.174497
VTP0002211,HASSAN,,CAAF0013836,,,Karnataka,13.030185,76.174497
VTP0002211,HASSAN,,CAAF0013836,Computing,and,Karnataka,13.030185,76.174497
VTP0002211,HASSAN,,CAAF0013836,,,Karnataka,13.030185,76.174497
VTP0002235,KANNADA,Technological University UTTAR,CAAF0009399,"Skill Development, Ambewadi, Ambewadi,",Machining,Karnataka,12.822643,75.226504
VTP0002235,KANNADA,Technological University UTTAR,CAAF0009399,"Skill Development, Ambewadi,","Ambewadi,",Karnataka,12.822643,75.226504
VTP0002235,KANNADA,Technological University UTTAR,CAAF0009399,"Skill Development, Ambewadi,","Ambewadi,",Karnataka,12.822643,75.226504
VTP0002307,MANDYA,Vidya Samsthe,CAAF0009678,Samsthe (R.) Mandya,taluk,Karnataka,12.636894,76.727548
VTP0002307,MANDYA,Vidya Samsthe,CAAF0009678,Samsthe (R.) Mandya,taluk,Karnataka,12.636894,76.727548
VTP0002336,DHARWAD,Computer Education Center,CAAF0009711,Suvarna Computers Hand,Embroiderer,Karnataka,15.370730,75.133287
VTP0002336,DHARWAD,Computer Education Center,CAAF0009711,Suvarna,Computers,Karnataka,15.370730,75.133287
VTP0002336,DHARWAD,Computer Education Center,CAAF0009711,Suvarna,Computers,Karnataka,15.370730,75.133287
VTP0002386,BELAGAVI,prajwal seva sansthe,CAAF0009762,floor bajaj,showroom,Karnataka,16.158785,74.888862
VTP0002447,GADAG,FOUNDATION GADAG,CAAF0010056,,,Karnataka,15.416692,75.681580
VTP0002447,GADAG,FOUNDATION GADAG,CAAF0010056,,,Karnataka,15.416692,75.681580
VTP0002447,GADAG,FOUNDATION GADAG,CAAF0010056,,,Karnataka,15.416692,75.681580
VTP0002468,CHIKMAGALURU,CHAMUNDESHWARI TRUST,CAAF0011749,,,Karnataka,13.318014,75.773874
VTP0002468,CHIKMAGALURU,CHAMUNDESHWARI TRUST,CAAF0011749,,,Karnataka,13.318014,75.773874
VTP0002468,CHIKMAGALURU,CHAMUNDESHWARI TRUST,CAAF0012925,Stand Opp,Ashwini,Karnataka,13.318014,75.773874
VTP0002468,CHIKMAGALURU,CHAMUNDESHWARI TRUST,CAAF0012925,Stand Opp,Ashwini,Karnataka,13.318014,75.773874
VTP0002468,CHITRADURGA,CHAMUNDESHWARI TRUST,CAAF0012937,2nd main road Hair,Stylist,Karnataka,14.304917,76.529667
VTP0002468,CHITRADURGA,CHAMUNDESHWARI TRUST,CAAF0012937,2nd main,road,Karnataka,14.304917,76.529667
VTP0002468,HASSAN,CHAMUNDESHWARI TRUST,CAAF0011457,"Road,",Arsikere,Karnataka,13.030185,76.174497
VTP0002468,RAMANAGARA,CHAMUNDESHWARI TRUST,CAAF0011760,"school, Ramanagara dist",-,Karnataka,12.725277,77.280480
VTP0002479,GADAG,G TARAWADE,CAAF0010124,"VIVIDODDESHAGALA SEVA Ward No.11, shirahatti oni kurahatti Beauty",Therapist,Karnataka,15.416692,75.681580
VTP0002479,GADAG,G TARAWADE,CAAF0010124,"VIVIDODDESHAGALA SEVA Ward No.11, shirahatti oni kurahatti Hand",Embroiderer,Karnataka,15.416692,75.681580
VTP0002479,GADAG,G TARAWADE,CAAF0010124,"VIVIDODDESHAGALA SEVA Ward No.11, shirahatti oni",kurahatti,Karnataka,15.416692,75.681580
VTP0002513,TUMKURU,CHARITABLE TRUST,CAAF0010267,,,Karnataka,13.340077,77.100621
VTP0002513,TUMKURU,CHARITABLE TRUST,CAAF0010271,,,Karnataka,13.340077,77.100621
VTP0002513,TUMKURU,CHARITABLE TRUST,CAAF0010275,,,Karnataka,13.340077,77.100621
VTP0002513,TUMKURU,CHARITABLE TRUST,CAAF0014443,Chikkanayakanahalli,"Tq,",Karnataka,13.340077,77.100621
VTP0002547,YADGIR,,CAAF0010495,POST:,RANGANAPETH.,Karnataka,16.574412,76.925443
VTP0002547,YADGIR,,CAAF0010495,POST: RANGANAPETH.,Helpdesk,Karnataka,16.574412,76.925443
VTP0002547,YADGIR,,CAAF0013398,VIDYAVARDHAKA NEAR NEW BUS,STAND,Karnataka,16.574412,76.925443
VTP0002562,BELAGAVI,FOUNDATION,CAAF0010503,SHRI SAI DEVASTHAN CHIKALGUD TALUKA Networking,and,Karnataka,16.158785,74.888862
VTP0002562,BELAGAVI,FOUNDATION,CAAF0010503,SHRI SAI DEVASTHAN CHIKALGUD,TALUKA,Karnataka,16.158785,74.888862
VTP0002562,BELAGAVI,FOUNDATION,CAAF0010503,SHRI SAI DEVASTHAN CHIKALGUD,TALUKA,Karnataka,16.158785,74.888862
VTP0002618,MYSURU,GARMENTS,CAAF0010638,KAVYA GARMENTS,INDUSTRIAL,Karnataka,12.305183,76.655361
VTP0002618,MYSURU,GARMENTS,CAAF0010638,KAVYA GARMENTS,INDUSTRIAL,Karnataka,12.305183,76.655361
VTP0002630,UDUPI,COMPUTER ACADEMY,CAAF0010683,COMPUTER ACADEMY-,DEVIKIRANA,Karnataka,13.526978,74.873188
VTP0002675,BALLARI,,CAAF0010826,MEENAKSHI K C,ROAD,Karnataka,15.348317,76.805488
VTP0002706,MYSURU,,CAAF0010877,EDUCATIONAL AND SOCIAL ASSOCIATION Beauty,Therapist,Karnataka,12.305183,76.655361
VTP0002706,MYSURU,,CAAF0010877,EDUCATIONAL AND SOCIAL,ASSOCIATION,Karnataka,12.305183,76.655361
VTP0002732,BELAGAVI,ABHIVRUDDI SAMSTE,CAAF0010953,Athani Road Makeup,Artist,Karnataka,16.158785,74.888862
VTP0002732,BELAGAVI,ABHIVRUDDI SAMSTE,CAAF0010953,Athani Road Hardware,Repair,Karnataka,16.158785,74.888862
VTP0002736,HAVERI,K K Initiatives,CAAF0011123,P K K Initiatives Nagar Opposite Old Magod,Road,Karnataka,14.718027,75.365642
VTP0002736,HAVERI,K K Initiatives,CAAF0011123,P K K Initiatives Nagar Opposite Old Magod,Road,Karnataka,14.718027,75.365642
VTP0002736,HAVERI,K K Initiatives,CAAF0011123,P K K Initiatives Nagar Opposite Old Magod Road Hand,Embroiderer,Karnataka,14.718027,75.365642
VTP0002736,HAVERI,K K Initiatives,CAAF0011123,P K K Initiatives Nagar Opposite Old Magod,Road,Karnataka,14.718027,75.365642
VTP0002755,VIJAYAPURA,,CAAF0011187,Development Samsthe ( Fashion Fashion Designing ),Kirti,Karnataka,16.826991,75.717539
VTP0002755,VIJAYAPURA,,CAAF0011187,Development Samsthe ( Fashion Fashion Designing ),Kirti,Karnataka,16.826991,75.717539
VTP0002781,HAVERI,,CAAF0011215,"Development Society Road, Road, Hirekerure Hand",Embroiderer,Karnataka,14.718027,75.365642
VTP0002781,HAVERI,,CAAF0011215,"Development Society Road, Road, Hirekerure Vehicle",Driver,Karnataka,14.718027,75.365642
VTP0002781,HAVERI,,CAAF0011215,"Development Society Road, Road,",Hirekerure,Karnataka,14.718027,75.365642
VTP0002860,UDUPI,INFOTECH,CAAF0011579,"BUILDING,NEAR CHURCH",ROAD,Karnataka,13.526978,74.873188
VTP0002860,UDUPI,INFOTECH,CAAF0011579,"BUILDING,NEAR CHURCH",ROAD,Karnataka,13.526978,74.873188
VTP0002860,UDUPI,INFOTECH,CAAF0011579,"BUILDING,NEAR CHURCH ROAD Networking",and,Karnataka,13.526978,74.873188
VTP0002893,BALLARI,A S EDUCATIONAL SOCIETY,CAAF0011669,,"ARCADE,AMBEDKAR",Karnataka,15.348317,76.805488
VTP0002893,BALLARI,A S EDUCATIONAL SOCIETY,CAAF0011669,,"ARCADE,AMBEDKAR",Karnataka,15.348317,76.805488
VTP0002893,BALLARI,A S EDUCATIONAL SOCIETY,CAAF0011669,,"ARCADE,AMBEDKAR",Karnataka,15.348317,76.805488
VTP0002893,BALLARI,A S EDUCATIONAL SOCIETY,CAAF0011669,,"ARCADE,AMBEDKAR",Karnataka,15.348317,76.805488
VTP0002893,BALLARI,A S EDUCATIONAL SOCIETY,CAAF0011669,,"ARCADE,AMBEDKAR",Karnataka,15.348317,76.805488
VTP0002893,BALLARI,A S EDUCATIONAL SOCIETY,CAAF0011678,BSNL OFFICE NEAR BSNL OFFICE OLD Hand,Embroiderer,Karnataka,15.348317,76.805488
VTP0002893,BALLARI,A S EDUCATIONAL SOCIETY,CAAF0011678,BSNL OFFICE NEAR BSNL OFFICE,OLD,Karnataka,15.348317,76.805488
VTP0002893,BALLARI,A S EDUCATIONAL SOCIETY,CAAF0012680,M P Prakash,Nagara,Karnataka,15.348317,76.805488
VTP0002893,BALLARI,A S EDUCATIONAL SOCIETY,CAAF0012680,M P Prakash,Nagara,Karnataka,15.348317,76.805488
VTP0002893,BALLARI,A S EDUCATIONAL SOCIETY,CAAF0012683,SUCKO,"BANK,ESHAPPA",Karnataka,15.348317,76.805488
VTP0002893,BALLARI,A S EDUCATIONAL SOCIETY,CAAF0012683,SUCKO,"BANK,ESHAPPA",Karnataka,15.348317,76.805488
VTP0002893,BALLARI,A S EDUCATIONAL SOCIETY,CAAF0012684,,"BUSSTAND,BEYOND",Karnataka,15.348317,76.805488
VTP0002893,BALLARI,A S EDUCATIONAL SOCIETY,CAAF0012684,"BUSSTAND,BEYOND",Helpdesk,Karnataka,15.348317,76.805488
VTP0002893,KOPPAL,A S EDUCATIONAL SOCIETY,CAAF0011670,,mahadeva,Karnataka,15.574824,76.311849
VTP0002893,KOPPAL,A S EDUCATIONAL SOCIETY,CAAF0011670,,mahadeva,Karnataka,15.574824,76.311849
VTP0002893,KOPPAL,A S EDUCATIONAL SOCIETY,CAAF0011670,,mahadeva,Karnataka,15.574824,76.311849
VTP0002893,KOPPAL,A S EDUCATIONAL SOCIETY,CAAF0011671,"SOCIETY , KOPPAL B T T PATIL",NAGAR,Karnataka,15.574824,76.311849
VTP0002893,KOPPAL,A S EDUCATIONAL SOCIETY,CAAF0011671,"SOCIETY , KOPPAL B T T PATIL NAGAR Computing",and,Karnataka,15.574824,76.311849
VTP0002893,KOPPAL,A S EDUCATIONAL SOCIETY,CAAF0011671,"SOCIETY , KOPPAL B T T PATIL",NAGAR,Karnataka,15.574824,76.311849
VTP0002893,KOPPAL,A S EDUCATIONAL SOCIETY,CAAF0012681,SOCIETY -KINNAL Beauty,Therapist,Karnataka,15.574824,76.311849
VTP0002893,KOPPAL,A S EDUCATIONAL SOCIETY,CAAF0012681,SOCIETY -KINNAL Hair,Stylist,Karnataka,15.574824,76.311849
VTP0002893,KOPPAL,A S EDUCATIONAL SOCIETY,CAAF0012682,"SOCIETY -NANDI NAGAR- NAGAR,1ST CROSS",NEAR,Karnataka,15.574824,76.311849
VTP0002893,KOPPAL,A S EDUCATIONAL SOCIETY,CAAF0012682,"SOCIETY -NANDI NAGAR- NAGAR,1ST CROSS NEAR Hand",Embroiderer,Karnataka,15.574824,76.311849
VTP0002904,DHARWAD,Foundation,CAAF0011706,"Vidyabharathi Foundation Hubli,",Karnataka.,Karnataka,15.370730,75.133287
VTP0002904,DHARWAD,Foundation,CAAF0011706,"Vidyabharathi Foundation Hubli,",Karnataka.,Karnataka,15.370730,75.133287
VTP0002904,DHARWAD,Foundation,CAAF0011706,"Vidyabharathi Foundation Hubli, Karnataka. Engineer",Trainee,Karnataka,15.370730,75.133287
VTP0002904,DHARWAD,Foundation,CAAF0011706,"Vidyabharathi Foundation Hubli,",Karnataka.,Karnataka,15.370730,75.133287
VTP0002904,DHARWAD,Foundation,CAAF0011706,"Vidyabharathi Foundation Hubli,",Karnataka.,Karnataka,15.370730,75.133287
VTP0002911,DHARWAD,,CAAF0011735,entrepreneurs,karnatak,Karnataka,15.370730,75.133287
VTP0002911,DHARWAD,,CAAF0011735,entrepreneurs karnatak Beauty,Therapist,Karnataka,15.370730,75.133287
VTP0002911,DHARWAD,,CAAF0011735,entrepreneurs,karnatak,Karnataka,15.370730,75.133287
VTP0002911,DHARWAD,,CAAF0011735,entrepreneurs karnatak Hair,Stylist,Karnataka,15.370730,75.133287
VTP0002928,VIJAYAPURA,SAI EDUCATION SOCIETY,CAAF0012182,Hospital R H Patil,Building,Karnataka,16.826991,75.717539
VTP0002928,VIJAYAPURA,SAI EDUCATION SOCIETY,CAAF0012182,Hospital R H Patil,Building,Karnataka,16.826991,75.717539
VTP0002948,BAGALAKOTE,AND GA SANGHA,CAAF0012701,SDPSS AND GA,SANGHA,Karnataka,16.205155,75.699470
VTP0002954,KALABURGI,Computer Sedam,CAAF0012841,Aryan computer sedam market sedam,"-585222,",Karnataka,16.760946,77.236953
VTP0002961,KOPPAL,,CAAF0011924,"R.G Road, District","Koppal,",Karnataka,15.574824,76.311849
VTP0002961,KOPPAL,,CAAF0011924,"R.G Road, District Koppal, Home Health",Aide,Karnataka,15.574824,76.311849
VTP0002961,KOPPAL,,CAAF0011924,"R.G Road, District","Koppal,",Karnataka,15.574824,76.311849
VTP0002981,BELAGAVI,MALLIKARJUN VIDYAPEETH,CAAF0012025,"road,konwal,ang","road,konwal,angol,belag",Karnataka,16.158785,74.888862
VTP0002981,BELAGAVI,MALLIKARJUN VIDYAPEETH,CAAF0012026,,"ROAD,JUGUL,TQ",Karnataka,16.158785,74.888862
VTP0002981,BELAGAVI,MALLIKARJUN VIDYAPEETH,CAAF0012026,,"ROAD,JUGUL,TQ",Karnataka,16.158785,74.888862
VTP0002981,BELAGAVI,MALLIKARJUN VIDYAPEETH,CAAF0012067,rayalingeshwar jayana RAILINGESHWAR,NAGAR,Karnataka,16.158785,74.888862
VTP0002981,BELAGAVI,MALLIKARJUN VIDYAPEETH,CAAF0012826,,"ROAD,ATHANI,B",Karnataka,16.158785,74.888862
VTP0002981,BELAGAVI,MALLIKARJUN VIDYAPEETH,CAAF0012826,,"ROAD,ATHANI,B",Karnataka,16.158785,74.888862
VTP0002981,DAVANGERE,MALLIKARJUN VIDYAPEETH,CAAF0013722,"VIDYAPEETH - double road,",davangere,Karnataka,14.433101,75.930283
VTP0002981,DAVANGERE,MALLIKARJUN VIDYAPEETH,CAAF0013732,,Harihar,Karnataka,14.433101,75.930283
VTP0002989,BIDAR,INFO SOLUTIONS,CAAF0012239,FLOOR,HUMNABAD,Karnataka,18.020730,77.248720
VTP0002989,BIDAR,INFO SOLUTIONS,CAAF0012239,FLOOR,HUMNABAD,Karnataka,18.020730,77.248720
VTP0002989,BIDAR,INFO SOLUTIONS,CAAF0012676,opp Edga Kallur,Road,Karnataka,18.020730,77.248720
VTP0002989,KALABURGI,INFO SOLUTIONS,CAAF0012605,plot no 19,",20",Karnataka,16.760946,77.236953
VTP0002989,KALABURGI,INFO SOLUTIONS,CAAF0012605,plot no 19,",20",Karnataka,16.760946,77.236953
VTP0002989,KALABURGI,INFO SOLUTIONS,CAAF0012605,plot no 19,",20",Karnataka,16.760946,77.236953
VTP0002989,KALABURGI,INFO SOLUTIONS,CAAF0012984,,,Karnataka,16.760946,77.236953
VTP0002989,KALABURGI,INFO SOLUTIONS,CAAF0012984,Cutting,Supervisor,Karnataka,16.760946,77.236953
VTP0002989,KALABURGI,INFO SOLUTIONS,CAAF0012984,,,Karnataka,16.760946,77.236953
VTP0002989,KALABURGI,INFO SOLUTIONS,CAAF0013135,MACWIN - Gulbarga,9-953/21,Karnataka,16.760946,77.236953
VTP0002989,KALABURGI,INFO SOLUTIONS,CAAF0013135,MACWIN - Gulbarga 9-953/21,Gardener,Karnataka,16.760946,77.236953
VTP0002989,KALABURGI,INFO SOLUTIONS,CAAF0013135,MACWIN - Gulbarga,9-953/21,Karnataka,16.760946,77.236953
VTP0002998,URBAN,Institute Of Technology BENGALURU,CAAF0012991,,"layout,",Karnataka,12.946155,77.550384
VTP0003001,BELAGAVI,,CAAF0012086,GALLI HNO.283. PATIL,GALLI,Karnataka,16.158785,74.888862
VTP0003001,BELAGAVI,,CAAF0012086,GALLI HNO.283. PATIL GALLI Hair,Stylist,Karnataka,16.158785,74.888862
VTP0003001,BELAGAVI,,CAAF0012086,GALLI HNO.283. PATIL,GALLI,Karnataka,16.158785,74.888862
VTP0003001,BELAGAVI,,CAAF0012086,GALLI HNO.283. PATIL,GALLI,Karnataka,16.158785,74.888862
VTP0003001,BELAGAVI,,CAAF0012966,,road,Karnataka,16.158785,74.888862
VTP0003001,BELAGAVI,,CAAF0012966,road Helper,Electrician,Karnataka,16.158785,74.888862
VTP0003001,BELAGAVI,,CAAF0012966,road Plumber,General,Karnataka,16.158785,74.888862
VTP0003012,MANDYA,SKILL DEVELOPMENT PVT LTD,CAAF0012126,OLD,MYSORE,Karnataka,12.636894,76.727548
VTP0003012,MANDYA,SKILL DEVELOPMENT PVT LTD,CAAF0012171,WDA COMPLEX,COMPLEX,Karnataka,12.636894,76.727548
VTP0003012,MANDYA,SKILL DEVELOPMENT PVT LTD,CAAF0012171,WDA COMPLEX,COMPLEX,Karnataka,12.636894,76.727548
VTP0003012,MANDYA,SKILL DEVELOPMENT PVT LTD,CAAF0012171,WDA COMPLEX COMPLEX Computing,and,Karnataka,12.636894,76.727548
VTP0003021,URBAN,Engineering Solutions BENGALURU,CAAF0012158,"sweets, Kanaka",dasa,Karnataka,12.946155,77.550384
VTP0003021,URBAN,Engineering Solutions BENGALURU,CAAF0012158,"sweets, Kanaka dasa Engineer",-,Karnataka,12.946155,77.550384
VTP0003088,CHITRADURGA,ALLAMMA IQBAL EDUCATION SOCIETY,CAAF0012399,EDUCATION SOCIETY - vanigotra B.D road Painter,&,Karnataka,14.304917,76.529667
VTP0003088,CHITRADURGA,ALLAMMA IQBAL EDUCATION SOCIETY,CAAF0012399,EDUCATION SOCIETY - vanigotra B.D road Mason,Tiling,Karnataka,14.304917,76.529667
VTP0003142,BAGALAKOTE,,CAAF0012874,"TMB Technologies Shirur Sangha,","Shirur,",Karnataka,16.205155,75.699470
VTP0003142,BAGALAKOTE,,CAAF0012874,"TMB Technologies Shirur Sangha, Shirur, Computing",and,Karnataka,16.205155,75.699470
VTP0003143,CHIKMAGALURU,,CAAF0012741,chikkamagaluru,district-,Karnataka,13.318014,75.773874
VTP0003144,BAGALAKOTE,,CAAF0013157,Grameenabhivrudhi Hagu Basaveshwar,Kerur,Karnataka,16.205155,75.699470
VTP0003144,BIDAR,,CAAF0012770,,,Karnataka,18.020730,77.248720
VTP0003144,BIDAR,,CAAF0012770,,,Karnataka,18.020730,77.248720
VTP0003144,BIDAR,,CAAF0012770,,,Karnataka,18.020730,77.248720
VTP0003144,BIDAR,,CAAF0012789,Branch,Basavakalyan,Karnataka,18.020730,77.248720
VTP0003144,BIDAR,,CAAF0012789,Branch,Basavakalyan,Karnataka,18.020730,77.248720
VTP0003144,BIDAR,,CAAF0013092,Grameenabhivrudhi Hagu Near Sangmesh Gunj Road Bhalki Computing,and,Karnataka,18.020730,77.248720
VTP0003144,BIDAR,,CAAF0013092,Grameenabhivrudhi Hagu Near Sangmesh Gunj Road,Bhalki,Karnataka,18.020730,77.248720
VTP0003144,CHIKMAGALURU,,CAAF0012723,"Complex, Near",Chikamagalur,Karnataka,13.318014,75.773874
VTP0003144,CHIKMAGALURU,,CAAF0012723,"Complex, Near",Chikamagalur,Karnataka,13.318014,75.773874
VTP0003144,CHIKMAGALURU,,CAAF0012723,"Complex, Near",Chikamagalur,Karnataka,13.318014,75.773874
VTP0003145,BIDAR,Rural Development Society,CAAF0012897,"Complex, 1st Agadi Layout, Computing",and,Karnataka,18.020730,77.248720
VTP0003145,BIDAR,Rural Development Society,CAAF0012897,"Complex, 1st Agadi","Layout,",Karnataka,18.020730,77.248720
VTP0003145,BIDAR,Rural Development Society,CAAF0012897,"Complex, 1st Agadi","Layout,",Karnataka,18.020730,77.248720
VTP0003145,BIDAR,Rural Development Society,CAAF0013100,,BIDAR,Karnataka,18.020730,77.248720
VTP0003145,BIDAR,Rural Development Society,CAAF0013100,BIDAR Computing,and,Karnataka,18.020730,77.248720
VTP0003145,BIDAR,Rural Development Society,CAAF0013100,,BIDAR,Karnataka,18.020730,77.248720
VTP0003145,BIDAR,Rural Development Society,CAAF0013100,,BIDAR,Karnataka,18.020730,77.248720
VTP0003145,BIDAR,Rural Development Society,CAAF0013100,,BIDAR,Karnataka,18.020730,77.248720
VTP0003145,HASSAN,Rural Development Society,CAAF0012777,,,Karnataka,13.030185,76.174497
VTP0003145,HASSAN,Rural Development Society,CAAF0012777,,,Karnataka,13.030185,76.174497
VTP0003145,HASSAN,Rural Development Society,CAAF0012777,,,Karnataka,13.030185,76.174497
VTP0003145,YADGIR,Rural Development Society,CAAF0012932,,,Karnataka,16.574412,76.925443
VTP0003145,YADGIR,Rural Development Society,CAAF0012932,,,Karnataka,16.574412,76.925443
VTP0003155,VIJAYAPURA,,CAAF0013085,"And Rural Development Gouri complex, Hunasagi Road",Talikoti,Karnataka,16.826991,75.717539
VTP0003155,VIJAYAPURA,,CAAF0013085,"And Rural Development Gouri complex, Hunasagi Road",Talikoti,Karnataka,16.826991,75.717539
VTP0003155,VIJAYAPURA,,CAAF0013085,"And Rural Development Gouri complex, Hunasagi Road Talikoti",Helpdesk,Karnataka,16.826991,75.717539
VTP0003155,VIJAYAPURA,,CAAF0013085,"And Rural Development Gouri complex, Hunasagi Road",Talikoti,Karnataka,16.826991,75.717539
VTP0003162,URBAN,AND HK CONSULTANTS PVT LTD BENGALURU,CAAF0012846,"JK and HK 04 Building, Near Fitness",Trainer,Karnataka,12.946155,77.550384
VTP0003166,DAVANGERE,,CAAF0012538,mattu sangolli rayanna A BLOCK Computing,and,Karnataka,14.433101,75.930283
VTP0003166,DAVANGERE,,CAAF0012538,mattu sangolli rayanna A,BLOCK,Karnataka,14.433101,75.930283
VTP0003166,DAVANGERE,,CAAF0012538,mattu sangolli rayanna A,BLOCK,Karnataka,14.433101,75.930283
VTP0003166,DAVANGERE,,CAAF0012539,DODDAGHATTA DODDAGHATTA Computing,and,Karnataka,14.433101,75.930283
VTP0003166,DAVANGERE,,CAAF0014348,,,Karnataka,14.433101,75.930283
VTP0003173,YADGIR,,CAAF0012560,Grameenabhivruddi Cement,Building,Karnataka,16.574412,76.925443
VTP0003178,DHARWAD,,CAAF0012570,Amargol Amargol,",Navanagar",Karnataka,15.370730,75.133287
VTP0003178,DHARWAD,,CAAF0012570,Amargol Amargol,",Navanagar",Karnataka,15.370730,75.133287
VTP0003178,DHARWAD,,CAAF0012570,Amargol Amargol,",Navanagar",Karnataka,15.370730,75.133287
VTP0003180,HAVERI,AKSHARA FOUNDATION,CAAF0012967,.KAGINELE. DISTRICT- Hand,Embroiderer,Karnataka,14.718027,75.365642
VTP0003180,HAVERI,AKSHARA FOUNDATION,CAAF0012967,.KAGINELE.,DISTRICT-,Karnataka,14.718027,75.365642
VTP0003180,HAVERI,AKSHARA FOUNDATION,CAAF0013152,PIN CODE--581128. Fitness,Trainer,Karnataka,14.718027,75.365642
VTP0003180,HAVERI,AKSHARA FOUNDATION,CAAF0013152,PIN,CODE--581128.,Karnataka,14.718027,75.365642
VTP0003180,HAVERI,AKSHARA FOUNDATION,CAAF0013171,FOUNDATION,"ENNUR,TALUK-",Karnataka,14.718027,75.365642
VTP0003180,HAVERI,AKSHARA FOUNDATION,CAAF0013171,"FOUNDATION ENNUR,TALUK- Hand",Embroiderer,Karnataka,14.718027,75.365642
VTP0003212,DAVANGERE,VIVEKANANDA SEVA SAMSHTE,CAAF0012790,SVSS-DAVANAGERI COMPANAY,Helpdesk,Karnataka,14.433101,75.930283
VTP0003212,HASSAN,VIVEKANANDA SEVA SAMSHTE,CAAF0012948,SVSS-ARSIKERE Arsikere,Helpdesk,Karnataka,13.030185,76.174497
VTP0003212,HASSAN,VIVEKANANDA SEVA SAMSHTE,CAAF0012948,SVSS-ARSIKERE Arsikere Computing,and,Karnataka,13.030185,76.174497
VTP0003212,HASSAN,VIVEKANANDA SEVA SAMSHTE,CAAF0012948,SVSS-ARSIKERE,Arsikere,Karnataka,13.030185,76.174497
VTP0003212,RAICHURU,VIVEKANANDA SEVA SAMSHTE,CAAF0012709,"SVSS-SINDHANUR Vikas Bank Floor, Vikas Bank",Helpdesk,Karnataka,16.083333,77.166667
VTP0003212,RAICHURU,VIVEKANANDA SEVA SAMSHTE,CAAF0012709,"SVSS-SINDHANUR Vikas Bank Floor, Vikas Bank Other",Home,Karnataka,16.083333,77.166667
VTP0003212,VIJAYAPURA,VIVEKANANDA SEVA SAMSHTE,CAAF0012622,SVSS-DEVARAHIPPARAGI BANK LTD VIJAYAPUR ROAD,Helpdesk,Karnataka,16.826991,75.717539
VTP0003212,VIJAYAPURA,VIVEKANANDA SEVA SAMSHTE,CAAF0012622,SVSS-DEVARAHIPPARAGI BANK LTD VIJAYAPUR ROAD Hardware,Repair,Karnataka,16.826991,75.717539
VTP0003212,VIJAYAPURA,VIVEKANANDA SEVA SAMSHTE,CAAF0012857,SVSS-INDI SINDAGI ROAD,Helpdesk,Karnataka,16.826991,75.717539
VTP0003239,BELAGAVI,,CAAF0012699,Taluka,Raybag,Karnataka,16.158785,74.888862
VTP0003239,BELAGAVI,,CAAF0012699,Taluka Raybag Other,Home,Karnataka,16.158785,74.888862
VTP0003239,BELAGAVI,,CAAF0012699,Taluka Raybag Makeup,Artist,Karnataka,16.158785,74.888862
VTP0003239,BELAGAVI,,CAAF0012699,Taluka Raybag Hardware,Repair,Karnataka,16.158785,74.888862
VTP0003248,BIDAR,,CAAF0013494,scw papnash road shiv,nagar,Karnataka,18.020730,77.248720
VTP0003248,BIDAR,,CAAF0013494,scw papnash road shiv,nagar,Karnataka,18.020730,77.248720
VTP0003256,UDUPI,,CAAF0012762,EDUCATION AND DTP,VENKATESH,Karnataka,13.526978,74.873188
VTP0003256,UDUPI,,CAAF0012762,EDUCATION AND DTP,VENKATESH,Karnataka,13.526978,74.873188
VTP0003259,BELAGAVI,,CAAF0012744,ATHANI NEAR CITY WATER,TANK,Karnataka,16.158785,74.888862
VTP0003259,BELAGAVI,,CAAF0012744,ATHANI NEAR CITY WATER TANK Other,Home,Karnataka,16.158785,74.888862
VTP0003259,BELAGAVI,,CAAF0012744,ATHANI NEAR CITY WATER TANK Makeup,Artist,Karnataka,16.158785,74.888862
VTP0003259,BELAGAVI,,CAAF0012744,ATHANI NEAR CITY WATER TANK,Installation,Karnataka,16.158785,74.888862
VTP0003263,BALLARI,M P PRAKASH SAMAJAMUKHI TRUST,CAAF0012760,Samajamuki Trust,"Neeluvanji,",Karnataka,15.348317,76.805488
VTP0003263,BALLARI,M P PRAKASH SAMAJAMUKHI TRUST,CAAF0012792,samajamukhi trust At/po:Halavagal,"At/po:Halavagalu,",Karnataka,15.348317,76.805488
VTP0003263,BALLARI,M P PRAKASH SAMAJAMUKHI TRUST,CAAF0013026,samajamukhi trust,"Neelagunda,",Karnataka,15.348317,76.805488
VTP0003263,BALLARI,M P PRAKASH SAMAJAMUKHI TRUST,CAAF0013027,"samajamukhi trust At/po: Chigateri, At/po:","Chigateri,",Karnataka,15.348317,76.805488
VTP0003263,BALLARI,M P PRAKASH SAMAJAMUKHI TRUST,CAAF0013028,"trust, Bagali",",",Karnataka,15.348317,76.805488
VTP0003263,BALLARI,M P PRAKASH SAMAJAMUKHI TRUST,CAAF0013029,Harakanalu,",",Karnataka,15.348317,76.805488
VTP0003263,BALLARI,M P PRAKASH SAMAJAMUKHI TRUST,CAAF0013034,samajamukhi trust trust,"sasvihalli,",Karnataka,15.348317,76.805488
VTP0003263,BALLARI,M P PRAKASH SAMAJAMUKHI TRUST,CAAF0013038,samajamukhi trust,"Nichavvanahalli,",Karnataka,15.348317,76.805488
VTP0003263,BALLARI,M P PRAKASH SAMAJAMUKHI TRUST,CAAF0013162,"samajamukhi trust Nandibevuru,","Nandibevuru,",Karnataka,15.348317,76.805488
VTP0003263,BALLARI,M P PRAKASH SAMAJAMUKHI TRUST,CAAF0013190,samajamukhi trust,"Kunchuru,",Karnataka,15.348317,76.805488
VTP0003263,BALLARI,M P PRAKASH SAMAJAMUKHI TRUST,CAAF0013191,"samajamukhi trust Kanchikere , Kanchikere",",",Karnataka,15.348317,76.805488
VTP0003263,BALLARI,M P PRAKASH SAMAJAMUKHI TRUST,CAAF0013288,samajamukhi,trust,Karnataka,15.348317,76.805488
VTP0003272,DHARWAD,HANDS FOUNDATION,CAAF0013170,Computing,and,Karnataka,15.370730,75.133287
VTP0003272,DHARWAD,HANDS FOUNDATION,CAAF0013170,,,Karnataka,15.370730,75.133287
VTP0003272,KANNADA,HANDS FOUNDATION UTTAR,CAAF0013406,near NW KSRTC Hubli road,Sirsi,Karnataka,12.822643,75.226504
VTP0003274,TUMKURU,MAHILA SAMAJA,CAAF0012817,,,Karnataka,13.340077,77.100621
VTP0003285,BAGALAKOTE,,CAAF0012851,Near Post Office Fitness,Trainer,Karnataka,16.205155,75.699470
VTP0003302,HASSAN,DRUG HOUSE,CAAF0012942,"STADIUM, M G",ROAD,Karnataka,13.030185,76.174497
VTP0003302,HASSAN,DRUG HOUSE,CAAF0012942,"STADIUM, M G",ROAD,Karnataka,13.030185,76.174497
VTP0003302,HASSAN,DRUG HOUSE,CAAF0012942,"STADIUM, M G ROAD Other",Home,Karnataka,13.030185,76.174497
VTP0003302,HASSAN,DRUG HOUSE,CAAF0012942,"STADIUM, M G ROAD Inventory",Clerk,Karnataka,13.030185,76.174497
VTP0003302,HASSAN,DRUG HOUSE,CAAF0012942,"STADIUM, M G ROAD Plumber",General,Karnataka,13.030185,76.174497
VTP0003321,HASSAN,,CAAF0012969,"K.R Puram,",Hassan,Karnataka,13.030185,76.174497
VTP0003333,HAVERI,SEVA SAMSTHE RI,CAAF0014032,grameenabhiruddi,seva,Karnataka,14.718027,75.365642
VTP0003333,HAVERI,SEVA SAMSTHE RI,CAAF0014032,grameenabhiruddi,seva,Karnataka,14.718027,75.365642
VTP0003341,HASSAN,,CAAF0013005,"VIDYA SASMTHE Halebeedu. Halebeedu. Taluk, Belur.",Gardener,Karnataka,13.030185,76.174497
VTP0003341,HASSAN,,CAAF0013005,"VIDYA SASMTHE Halebeedu. Halebeedu. Taluk,",Belur.,Karnataka,13.030185,76.174497
VTP0003341,HASSAN,,CAAF0013006,B.M.ROAD B.M.ROAD,SANTHAEPET-,Karnataka,13.030185,76.174497
VTP0003341,HASSAN,,CAAF0013006,B.M.ROAD B.M.ROAD,SANTHAEPET-,Karnataka,13.030185,76.174497
VTP0003341,HASSAN,,CAAF0013006,B.M.ROAD B.M.ROAD SANTHAEPET- Graphic,Designer,Karnataka,13.030185,76.174497
VTP0003341,HASSAN,,CAAF0013006,B.M.ROAD B.M.ROAD,SANTHAEPET-,Karnataka,13.030185,76.174497
VTP0003341,HASSAN,,CAAF0013172,Hosaline road Near A KALYANA Installation,&,Karnataka,13.030185,76.174497
VTP0003341,HASSAN,,CAAF0013172,Hosaline road Near A,KALYANA,Karnataka,13.030185,76.174497
VTP0003341,HASSAN,,CAAF0013173,SUBHASH NAGAR B Katihalli Hassan Katihalli,Hassan,Karnataka,13.030185,76.174497
VTP0003341,HASSAN,,CAAF0014151,",VILLAGE",AND,Karnataka,13.030185,76.174497
VTP0003346,MYSURU,,CAAF0013086,ABIRUDDI SAMSTHE -1 MOHALLA Hair,Stylist,Karnataka,12.305183,76.655361
VTP0003346,MYSURU,,CAAF0013086,ABIRUDDI SAMSTHE -1 MOHALLA Vehicle,Driver,Karnataka,12.305183,76.655361
VTP0003346,MYSURU,,CAAF0013086,ABIRUDDI SAMSTHE -1,MOHALLA,Karnataka,12.305183,76.655361
VTP0003346,MYSURU,,CAAF0013087,"ABIRUDDI SAMSTHE -2 , NAIDUNAGAR , MYSORE - Computing",and,Karnataka,12.305183,76.655361
VTP0003346,MYSURU,,CAAF0013087,"ABIRUDDI SAMSTHE -2 , NAIDUNAGAR , MYSORE - Hand",Embroiderer,Karnataka,12.305183,76.655361
VTP0003346,MYSURU,,CAAF0013087,"ABIRUDDI SAMSTHE -2 , NAIDUNAGAR , MYSORE - Vehicle",Driver,Karnataka,12.305183,76.655361
VTP0003346,MYSURU,,CAAF0013087,"ABIRUDDI SAMSTHE -2 , NAIDUNAGAR , MYSORE",-,Karnataka,12.305183,76.655361
VTP0003346,MYSURU,,CAAF0013087,"ABIRUDDI SAMSTHE -2 , NAIDUNAGAR , MYSORE",-,Karnataka,12.305183,76.655361
VTP0003346,MYSURU,,CAAF0013427,MATHU MAKKALA SAMSTHE R Hair,Stylist,Karnataka,12.305183,76.655361
VTP0003346,MYSURU,,CAAF0013427,MATHU MAKKALA SAMSTHE R Hand,Embroiderer,Karnataka,12.305183,76.655361
VTP0003346,MYSURU,,CAAF0013427,MATHU MAKKALA SAMSTHE R Vehicle,Driver,Karnataka,12.305183,76.655361
VTP0003346,MYSURU,,CAAF0013427,MATHU MAKKALA SAMSTHE,R,Karnataka,12.305183,76.655361
VTP0003348,DHARWAD,Foundation,CAAF0013056,Siri FoundationShiraguppi near bus stand near bus,stand,Karnataka,15.370730,75.133287
VTP0003349,BIDAR,Venkateshwara IT Solutions,CAAF0013993,Plot no 7/87 Near APMC,Market,Karnataka,18.020730,77.248720
VTP0003349,BIDAR,Venkateshwara IT Solutions,CAAF0013993,Plot no 7/87 Near APMC,Market,Karnataka,18.020730,77.248720
VTP0003349,BIDAR,Venkateshwara IT Solutions,CAAF0013993,Plot no 7/87 Near APMC,Market,Karnataka,18.020730,77.248720
VTP0003349,BIDAR,Venkateshwara IT Solutions,CAAF0013993,Plot no 7/87 Near APMC,Market,Karnataka,18.020730,77.248720
VTP0003349,BIDAR,Venkateshwara IT Solutions,CAAF0013996,Near Bus stand,BIDAR,Karnataka,18.020730,77.248720
VTP0003349,BIDAR,Venkateshwara IT Solutions,CAAF0013996,Near Bus stand,BIDAR,Karnataka,18.020730,77.248720
VTP0003349,BIDAR,Venkateshwara IT Solutions,CAAF0013996,Near Bus stand,BIDAR,Karnataka,18.020730,77.248720
VTP0003349,KALABURGI,Venkateshwara IT Solutions,CAAF0013082,"SOLUTIONS - Kalaburagi Floors,",Swaraj,Karnataka,16.760946,77.236953
VTP0003349,KALABURGI,Venkateshwara IT Solutions,CAAF0013082,"SOLUTIONS - Kalaburagi Floors,",Swaraj,Karnataka,16.760946,77.236953
VTP0003352,MANDYA,EDUCATION TRUST R,CAAF0013061,DEVELOPMENT TRAINING,"Hobli,Mandya",Karnataka,12.636894,76.727548
VTP0003352,MANDYA,EDUCATION TRUST R,CAAF0013061,"DEVELOPMENT TRAINING Hobli,Mandya",Gardener,Karnataka,12.636894,76.727548
VTP0003352,MANDYA,EDUCATION TRUST R,CAAF0013061,DEVELOPMENT TRAINING,"Hobli,Mandya",Karnataka,12.636894,76.727548
VTP0003352,MANDYA,EDUCATION TRUST R,CAAF0013061,DEVELOPMENT TRAINING,"Hobli,Mandya",Karnataka,12.636894,76.727548
VTP0003352,MANDYA,EDUCATION TRUST R,CAAF0013062,DEVELOPMENT TRAINING,"Bhavan,Beside",Karnataka,12.636894,76.727548
VTP0003352,MANDYA,EDUCATION TRUST R,CAAF0013062,DEVELOPMENT TRAINING,"Bhavan,Beside",Karnataka,12.636894,76.727548
VTP0003352,MANDYA,EDUCATION TRUST R,CAAF0013062,DEVELOPMENT TRAINING,"Bhavan,Beside",Karnataka,12.636894,76.727548
VTP0003352,MANDYA,EDUCATION TRUST R,CAAF0013062,DEVELOPMENT TRAINING,"Bhavan,Beside",Karnataka,12.636894,76.727548
VTP0003352,MANDYA,EDUCATION TRUST R,CAAF0013062,DEVELOPMENT TRAINING,"Bhavan,Beside",Karnataka,12.636894,76.727548
VTP0003361,BALLARI,Computers,CAAF0013112,Akash Computers Computing,and,Karnataka,15.348317,76.805488
VTP0003361,BALLARI,Computers,CAAF0013112,Akash Computers Networking,and,Karnataka,15.348317,76.805488
VTP0003387,VIJAYAPURA,Daneshwari Vidyavardak sang R,CAAF0013472,vidyavardak sang NH 50 ROAD NH 50 ROAD KVG BANK Electrical Works,-,Karnataka,16.826991,75.717539
VTP0003387,VIJAYAPURA,Daneshwari Vidyavardak sang R,CAAF0013472,vidyavardak sang NH 50 ROAD NH 50 ROAD KVG BANK Plumber,General,Karnataka,16.826991,75.717539
VTP0003387,VIJAYAPURA,Daneshwari Vidyavardak sang R,CAAF0013472,vidyavardak sang NH 50 ROAD NH 50 ROAD KVG BANK,Installation,Karnataka,16.826991,75.717539
VTP0003392,RAICHURU,,CAAF0013205,GURUPEETHA,KAGINALE-,Karnataka,16.083333,77.166667
VTP0003392,RAICHURU,,CAAF0013205,GURUPEETHA,KAGINALE-,Karnataka,16.083333,77.166667
VTP0003392,RAICHURU,,CAAF0013205,GURUPEETHA,KAGINALE-,Karnataka,16.083333,77.166667
VTP0003392,RAICHURU,,CAAF0013205,GURUPEETHA,KAGINALE-,Karnataka,16.083333,77.166667
VTP0003393,URBAN,womens Skill Academy BENGALURU,CAAF0013206,ARCADE FIRST Beauty,Therapist,Karnataka,12.946155,77.550384
VTP0003395,URBAN,Sector Skill Council BENGALURU,CAAF0013547,,,Karnataka,12.946155,77.550384
VTP0003396,KALABURGI,Advisors Private Limited,CAAF0013602,,Training,Karnataka,16.760946,77.236953
VTP0003396,KALABURGI,Advisors Private Limited,CAAF0013602,,Training,Karnataka,16.760946,77.236953
VTP0003424,MYSURU,ENTERPRISES,CAAF0013581,NOFA ENTERPRISES,01,Karnataka,12.305183,76.655361
VTP0003424,MYSURU,ENTERPRISES,CAAF0013581,NOFA ENTERPRISES 01 Hair,Stylist,Karnataka,12.305183,76.655361
VTP0003424,MYSURU,ENTERPRISES,CAAF0013581,NOFA ENTERPRISES 01 Vehicle,Driver,Karnataka,12.305183,76.655361
VTP0003424,MYSURU,ENTERPRISES,CAAF0013581,NOFA ENTERPRISES,01,Karnataka,12.305183,76.655361
VTP0003424,MYSURU,ENTERPRISES,CAAF0013582,"NOFA ENTERPRISES 02 MAIN ROAD,","ROAD,",Karnataka,12.305183,76.655361
VTP0003424,MYSURU,ENTERPRISES,CAAF0013582,"NOFA ENTERPRISES 02 MAIN ROAD, ROAD, Hair",Stylist,Karnataka,12.305183,76.655361
VTP0003442,DAVANGERE,Vidya Samashte,CAAF0013376,"Hemavathi Bank, Near",Hemavathi,Karnataka,14.433101,75.930283
VTP0003442,DAVANGERE,Vidya Samashte,CAAF0013376,"Hemavathi Bank, Near",Hemavathi,Karnataka,14.433101,75.930283
VTP0003442,DAVANGERE,Vidya Samashte,CAAF0013376,"Hemavathi Bank, Near Hemavathi Web",Developer,Karnataka,14.433101,75.930283
VTP0003452,MYSURU,COMPUTERS,CAAF0013403,ROYAL COMPUTERS,FINANCE,Karnataka,12.305183,76.655361
VTP0003452,MYSURU,COMPUTERS,CAAF0013403,ROYAL COMPUTERS,FINANCE,Karnataka,12.305183,76.655361
VTP0003452,MYSURU,COMPUTERS,CAAF0013403,ROYAL COMPUTERS,FINANCE,Karnataka,12.305183,76.655361
VTP0003452,MYSURU,COMPUTERS,CAAF0013403,ROYAL COMPUTERS FINANCE,Helpdesk,Karnataka,12.305183,76.655361
VTP0003452,MYSURU,COMPUTERS,CAAF0013403,ROYAL COMPUTERS FINANCE Computing,and,Karnataka,12.305183,76.655361
VTP0003452,MYSURU,COMPUTERS,CAAF0013403,ROYAL COMPUTERS,FINANCE,Karnataka,12.305183,76.655361
VTP0003452,SHIVAMOGA,COMPUTERS,CAAF0013407,ROYAL,COMPUTERS,Karnataka,13.932609,75.574978
VTP0003452,SHIVAMOGA,COMPUTERS,CAAF0013407,ROYAL COMPUTERS Telecaller,Sales,Karnataka,13.932609,75.574978
VTP0003452,SHIVAMOGA,COMPUTERS,CAAF0013407,ROYAL COMPUTERS,Helpdesk,Karnataka,13.932609,75.574978
VTP0003452,SHIVAMOGA,COMPUTERS,CAAF0013407,ROYAL,COMPUTERS,Karnataka,13.932609,75.574978
VTP0003452,SHIVAMOGA,COMPUTERS,CAAF0013407,ROYAL,COMPUTERS,Karnataka,13.932609,75.574978
VTP0003452,SHIVAMOGA,COMPUTERS,CAAF0013407,ROYAL COMPUTERS,Customer,Karnataka,13.932609,75.574978
VTP0003452,SHIVAMOGA,COMPUTERS,CAAF0013407,ROYAL COMPUTERS Store,Keeper,Karnataka,13.932609,75.574978
VTP0003466,DHARWAD,Education Academy,CAAF0013495,,Education,Karnataka,15.370730,75.133287
VTP0003466,DHARWAD,Education Academy,CAAF0013495,,Education,Karnataka,15.370730,75.133287
VTP0003469,UDUPI,Career Academy Pvt Ltd,CAAF0013447,Ashachandra Pancharatna,Paradise,Karnataka,13.526978,74.873188
VTP0003469,UDUPI,Career Academy Pvt Ltd,CAAF0013447,Ashachandra Pancharatna,Paradise,Karnataka,13.526978,74.873188
VTP0003469,UDUPI,Career Academy Pvt Ltd,CAAF0013447,Ashachandra Pancharatna Paradise,Medium,Karnataka,13.526978,74.873188
VTP0003510,URBAN,ENGINEERING LIMITED BENGALURU,CAAF0013709,Bommasandra Bangalore-560099,Machining,Karnataka,12.946155,77.550384
VTP0003510,URBAN,ENGINEERING LIMITED BENGALURU,CAAF0013709,Bommasandra,Bangalore-560099,Karnataka,12.946155,77.550384
VTP0003513,URBAN,COACHING CENTER BENGALURU,CAAF0013617,10th cross,CBI,Karnataka,12.946155,77.550384
VTP0003513,URBAN,COACHING CENTER BENGALURU,CAAF0013617,10th cross,CBI,Karnataka,12.946155,77.550384
VTP0003517,URBAN,CHARITABLE TRUST BENGALURU,CAAF0013626,"Vigneshwaranag Andrahally, Electrical Works",-,Karnataka,12.946155,77.550384
VTP0003517,URBAN,CHARITABLE TRUST BENGALURU,CAAF0013626,"Vigneshwaranag Andrahally, Mason",General,Karnataka,12.946155,77.550384
VTP0003517,URBAN,CHARITABLE TRUST BENGALURU,CAAF0014057,Centre Mariyappa College,Bangalore-560021,Karnataka,12.946155,77.550384
VTP0003517,URBAN,CHARITABLE TRUST BENGALURU,CAAF0014057,Centre Mariyappa College,Bangalore-560021,Karnataka,12.946155,77.550384
VTP0003517,URBAN,CHARITABLE TRUST BENGALURU,CAAF0014057,Centre Mariyappa College,Bangalore-560021,Karnataka,12.946155,77.550384
VTP0003517,MYSURU,CHARITABLE TRUST,CAAF0013826,,,Karnataka,12.305183,76.655361
VTP0003521,URBAN,,CAAF0013634,BINTatMathikere Ramaiah,College,Karnataka,12.946155,77.550384
VTP0003521,URBAN,,CAAF0013634,BINTatMathikere Ramaiah,College,Karnataka,12.946155,77.550384
VTP0003603,GADAG,,CAAF0013918,,,Karnataka,15.416692,75.681580
VTP0003603,GADAG,,CAAF0013918,,Assistant,Karnataka,15.416692,75.681580
VTP0003605,BENGALURU RURAL,GE Healthcare Private Limited,CAAF0014081,"Ltd, #24, Veena Kannuralli road, MV",Assistant,Karnataka,13.182624,77.339568
VTP0003605,BENGALURU RURAL,GE Healthcare Private Limited,CAAF0014081,"Ltd, #24, Veena Kannuralli road,",MV,Karnataka,13.182624,77.339568
VTP0003605,BENGALURU RURAL,GE Healthcare Private Limited,CAAF0014081,"Ltd, #24, Veena Kannuralli road,",MV,Karnataka,13.182624,77.339568
VTP0003605,CHAMARAJANAGARA,GE Healthcare Private Limited,CAAF0014673,"Commercial Road, Chamarajanagar-",Assistant,Karnataka,11.923806,76.939356
VTP0003605,CHAMARAJANAGARA,GE Healthcare Private Limited,CAAF0014673,"Commercial Road,",Chamarajanagar-,Karnataka,11.923806,76.939356
VTP0003605,CHAMARAJANAGARA,GE Healthcare Private Limited,CAAF0014673,"Commercial Road,",Chamarajanagar-,Karnataka,11.923806,76.939356
VTP0003605,KALABURGI,GE Healthcare Private Limited,CAAF0013956,"Floor, Sangam Talkies,",Gulbarga-,Karnataka,16.760946,77.236953
VTP0003605,MYSURU,GE Healthcare Private Limited,CAAF0014575,2nd,main,Karnataka,12.305183,76.655361
VTP0003605,MYSURU,GE Healthcare Private Limited,CAAF0014575,2nd,main,Karnataka,12.305183,76.655361
VTP0003611,BALLARI,,CAAF0013942,TRUST SSET Sri Sri Sharana Dairy,Worker,Karnataka,15.348317,76.805488
VTP0003611,BALLARI,,CAAF0013942,TRUST SSET Sri Sri Sharana Milk,tester,Karnataka,15.348317,76.805488
VTP0003611,BALLARI,,CAAF0013942,TRUST SSET Sri Sri Sharana Organic,grower,Karnataka,15.348317,76.805488
VTP0003618,MYSURU,ENTERPRISES,CAAF0013966,SNS ENTERPRISES,01,Karnataka,12.305183,76.655361
VTP0003618,MYSURU,ENTERPRISES,CAAF0013967,SNS ENTERPRISES,02,Karnataka,12.305183,76.655361
VTP0003651,URBAN,Advisors Private Limited BENGALURU,CAAF0014473,,Mahalakshmipuram,Karnataka,12.946155,77.550384
VTP0003651,URBAN,Advisors Private Limited BENGALURU,CAAF0014473,,Mahalakshmipuram,Karnataka,12.946155,77.550384
VTP0003651,CHIKBALLAPUR,Advisors Private Limited,CAAF0014194,"Road,",Manchenahalli,Karnataka,13.427422,77.732307
VTP0003651,HASSAN,Advisors Private Limited,CAAF0014088,Federal Bank NR Circle,Hassan,Karnataka,13.030185,76.174497
VTP0003651,HASSAN,Advisors Private Limited,CAAF0014088,Federal Bank NR Circle,Hassan,Karnataka,13.030185,76.174497
VTP0003651,HASSAN,Advisors Private Limited,CAAF0014088,Federal Bank NR Circle Hassan Hardware,Repair,Karnataka,13.030185,76.174497
VTP0003651,HASSAN,Advisors Private Limited,CAAF0014195,HASSAN,(Advertising,Karnataka,13.030185,76.174497
VTP0003651,HASSAN,Advisors Private Limited,CAAF0014195,,HASSAN,Karnataka,13.030185,76.174497
VTP0003651,HASSAN,Advisors Private Limited,CAAF0014195,HASSAN Graphic,Designer,Karnataka,13.030185,76.174497
VTP0003808,DHARWAD,CHANAKYA EDUCATIONAL TRUST,CAAF0014560,"Nagar 2nd Stage,Daneshwar Beauty",Therapist,Karnataka,15.370730,75.133287
VTP0003808,DHARWAD,CHANAKYA EDUCATIONAL TRUST,CAAF0014560,Nagar 2nd,"Stage,Daneshwar",Karnataka,15.370730,75.133287
VTP0003808,DHARWAD,CHANAKYA EDUCATIONAL TRUST,CAAF0014560,Nagar 2nd,"Stage,Daneshwar",Karnataka,15.370730,75.133287
